,Topic_24,Topic_37,Topic_49,Topic_36,Topic_34,Topic_2,Topic_29,Topic_41,Topic_25,Topic_9,Topic_44,Topic_20,Topic_33,Topic_11,Topic_12,Topic_19,Topic_47,Topic_31,Topic_39,Topic_7
AHR,0.07384474977257682,0.12078792133635641,0.24034820212575048,0.43548197793420906,0.8576679255105714,0.5626933766937251,0.9302025096484204,0.9999999999999999,0.9122896483415633,0.0,0.36325205249549697,0.15608054691233542,0.39842175622556286,0.624182216219806,0.820065772279292,0.6138740857294885,0.16920270991572872,0.3759717167598612,0.7727148342599376,0.3940575519767665
AR,0.9162963759026277,0.8029584066764119,0.4347331878208408,0.32749954299591777,0.1314860817939706,0.5770914608882143,0.0,0.19481745903872782,0.2875825135696247,0.3847307719367039,1.0,0.7378630519006049,0.43063701945314115,0.39963834909129115,0.20293874469677076,0.38919647169786986,0.6731780513254517,0.502341418171169,0.5070239206234812,0.4030378176935815
ARID3A,0.3904253466459091,0.8338251153659306,0.5060876980505364,0.7892149758379272,0.6895043058558672,0.5912770269282777,0.6668119408113278,0.3216653315785343,0.4080750770389674,0.39484930888283687,0.0,0.4293647619286385,0.9999999999999998,0.8777460723004118,0.5619857705268851,0.5874222609419828,0.5473381879457342,0.26865821975957216,0.006413531986488863,0.49707071113668255
ARID5B,0.6331592896890097,0.20830311589517492,0.5359267068298219,0.1963891836420648,0.41185573545032117,0.8272150773522846,0.4638723148793369,0.6062729912615419,0.6512973507931505,0.3391384772801045,0.41077994727096123,0.4766640139831284,0.0,0.8370367434845034,0.48177123757508267,0.7084596362566009,0.286742976037484,0.8264416685164229,0.9999999999999998,0.9563665043442471
ARX,0.3269989225247714,0.3402439869084422,1.0,0.09341476655948511,0.13950372657039273,0.09301433908712714,0.19746903357186701,0.17670408722126302,0.10977752560350945,0.40208025975282474,0.2463970695474081,0.5517825430939229,0.0,0.38106165541411546,0.002004000079266599,0.1015283289111581,0.185915521355888,0.24921951478119692,0.16834685643391073,0.39404776577816764
ASCL1,0.16944912776362359,0.0,0.6550241643457764,0.7667916101957761,1.0,0.3506068527787077,0.6654456394731034,0.557932768432889,0.7405021988179017,0.7633423647219173,0.4544037386096404,0.6799500060557484,0.22304834571121096,0.27699859731441706,0.6779560391719557,0.04898817418944307,0.8236134011423168,0.36289870582115086,0.25990283553760246,0.5126891820085435
ASCL2,0.8528041450958435,0.9933996672778749,1.0,0.8970880430412049,0.3295175440711638,0.5565971144859774,0.5304727559840905,0.714184155627303,0.29840043481921447,0.08687102181615691,0.2634973354766253,0.20611270054686265,0.2749393475429189,0.0,0.38804825909825696,0.32244839558392974,0.9180723163674942,0.4499862280734625,0.6157996753169819,0.5946644498253153
ATF1,1.0,0.4824117873974183,0.44274385247509906,0.3913923196168754,0.4451246697928726,0.5686379922764155,0.621663858389776,0.33615472017689685,0.3220032360656111,0.14247428695158737,0.12136880741710865,0.5755149135801081,0.7386877269412135,0.2641552110712393,0.6911652266109383,0.5137196003140119,0.5025658198212812,0.34662407627371694,0.0,0.28981952903163544
ATF3,0.20353588972578252,0.0709138089655259,0.30180925575870543,0.0,0.0737495814802257,0.013354834879104271,0.3054268603938711,0.26799590620276914,0.6680609089040094,0.5285708081074326,0.4263654835219203,0.17649557921511227,0.6668304403677338,1.0,0.6790460215706547,0.8675425003504457,0.10298771709893284,0.4140351605745739,0.36506347625295865,0.44326241479247586
BACH1,0.11008857100052127,0.3874278271989007,0.4204153829780499,0.10131108774938458,0.31968058514469355,0.16068345150482166,0.5168914662461637,0.47514019774848437,0.25793093526064315,0.7311134467217859,0.47152341558170985,0.472282303005787,0.8740149302511298,0.2414761104969494,0.5608789898785309,0.7564327853029051,0.0,1.0,0.6758973985770096,0.7310818363110458
BACH2,0.9999999999999998,0.8245730911692755,0.5972530249050256,0.002607872580498105,0.21099823299101583,0.5082587571683224,0.39650387628595074,0.8010930484542886,0.7132566094107846,0.7364398287348373,0.36134335099947434,0.16134965749405494,0.0,0.7176782798270234,0.503309375772264,0.5573272671550968,0.305660066848483,0.45482585738307524,0.949451544074478,0.4811263865838964
BATF,0.3884502845583726,0.43451946774051575,0.13307800342611398,0.3667679371409689,0.1352873764142043,0.4985738092064831,0.5735870515041219,0.5464296282943297,0.19608949449928148,0.42698154249116493,0.2664663404894594,0.4415070811278652,0.8082764631870936,0.6040592719697535,0.0,0.8662914309196186,0.12952308120469758,0.9999999999999998,0.8320402955472108,0.9699696555526416
BCL11A,0.6581465517081336,0.4335142437403534,0.9999999999999999,0.5770031052976278,0.26037647611955117,0.244036850998403,0.3500585176001736,0.5322240629424926,0.3064577069513226,0.21077108892411278,0.10756189792996235,0.0,0.027005889529046756,0.1969348750055283,0.19318407112731795,0.05952124469036296,0.2838179675476141,0.19224598760096234,0.40194599699343325,0.40936905431903947
BCL11B,0.9558490143873026,0.7605043017843309,0.9106199197075902,0.8109146766598212,1.0,0.5429338524297326,0.725750288354654,0.5698132204258246,0.5121349900814147,0.36708970202330404,0.15205841485206795,0.072953332099077,0.0,0.1489018813876153,0.26333891299313794,0.010044918224462906,0.4519236974501155,0.3738994287791271,0.503806703876692,0.4509741094305716
BCL6,0.0,0.06784555116519553,0.24108076836503378,0.5991781591364949,0.7733673837708457,0.2763086817839643,0.512241273900917,0.46426132496901906,0.750527255510399,0.7217143648080715,0.793153570538591,1.0,0.5008395420537259,0.7155953655984908,0.6924121666302812,0.5285895920626285,0.5854087446759313,0.6374059475175908,0.5210297994899269,0.5960107694900607
BHLHE40,0.04433545565980401,0.0756751394927867,0.0,0.15361189090624688,0.07654743852012252,0.023056260848952514,0.26366378455951744,0.24552042932812335,0.4897877303254655,0.7686056400694108,0.7299374898804172,0.7307427492088028,0.7102344007034045,0.8304494082919489,0.8852049857686166,1.0,0.21178764153539142,0.6093996533040773,0.2459156249305291,0.4376935371455718
BHLHE41,0.2843341956417935,0.2655690613588896,0.017354903839987168,0.043450389403563716,0.0,0.17499128090582583,0.18131110183410182,0.28500274729698527,0.06851944659397907,0.6104778686297057,0.7197667033138906,0.7606106497476302,0.6688834692171697,1.0,0.46856273578884877,0.8781643161880852,0.22441960936716587,0.3543462062919053,0.25701960295539783,0.3684716113572869
CEBPA,0.7748787075243886,0.40377390809837244,0.3810418009952643,0.3955997466566541,0.17874117596838657,0.4570037427561555,0.7991900122365401,0.32721694031285087,0.03371264193359291,1.0,0.305223024316607,0.7372806491845576,0.9736502377298171,0.6205702492917551,0.945406878329579,0.9797170369057504,0.3460415396174865,0.46446289941124297,0.0,0.7772828470602322
CEBPB,0.01914290643121752,0.06258862013533195,0.056006017235347705,0.060158580069798795,0.0,0.12735157136512854,0.5564740465982244,0.4249213413703222,0.30535208104700795,0.484670841656626,0.410479666786726,0.5218403865057192,0.9485077877936002,0.7429278285528614,0.4173586593826938,1.0,0.19575313742478173,0.412488568313338,0.020661363094233165,0.5079968792839683
CEBPD,0.03947452271089141,0.09690002024009914,0.0,0.1277633918601968,0.04580266694189067,0.05326427165839809,0.13423099960573248,0.030460620709365782,0.45443329652445486,0.6867031102438031,0.8440952879886646,0.9999999999999999,0.7189604770835128,0.6112075666836265,0.7474327278794787,0.7223698698884985,0.20326740440376967,0.38770338609487787,0.20725855524535997,0.49024603291218904
CREB5,0.12683588050753336,0.2736038388396689,0.0,0.4809049707358142,0.4658200075859322,0.3037518477980181,0.5054281951871724,0.4293033984080834,0.5769674154555502,0.8012022826150025,0.05037461433568202,0.14980698018795602,0.5066107217549942,0.5132326018124389,0.4573577354808087,0.6035168633632173,0.3439865846284573,0.9715657800868218,1.0,0.34203494552204283
CREM,0.23932809781575992,0.21772940499436566,0.04610799426785528,0.26593881724511914,0.9999999999999998,0.4570568738324112,0.6928283078361686,0.08192131007609071,0.30681321896488534,0.579599556225276,0.1253063130178904,0.5085949251050248,0.7718412005808635,0.24425334842575364,0.0,0.20143100606729658,0.1958230479741354,0.8946056679722505,0.8442150435155911,0.9279666440625487
CUX2,0.9999999999999998,0.906314199594906,0.9482959280655741,0.6302525982009458,0.4330186245968267,0.4866838067325916,0.2559879387314846,0.310270304481034,0.16885873846382715,0.15662608455913324,0.13247375970406583,0.160049934939623,0.15198027600997172,0.0,0.13657593919900174,0.01332280921581458,0.6010018453538647,0.3848235777348896,0.5032552312785702,0.359214427589418
DDIT3,0.5022776801524107,0.21871357589501828,0.590837894808039,0.44079835281743707,0.5278937557937422,0.2770838658326653,0.5886176055284555,0.2224226248176535,0.6066763388126464,0.7082741410376576,0.7176539514155429,0.6886061833263413,0.8555857979503889,0.8289346720858681,1.0,0.8948906271679449,0.4280481724646694,0.2311033320694853,0.0,0.5424459860636417
DMRT2,0.34695380490101696,0.34618412953657524,0.18777168754652207,0.19099349730524295,1.0,0.8322590476290617,0.8953479084182505,0.7774745746417331,0.589697456256981,0.5806291234221661,0.11732044230378008,0.0,0.10389446759280974,0.12139797259187085,0.06091723000619137,0.09375359106491055,0.1883979578040637,0.3336588268177931,0.7318365951213981,0.5143474464501889
DPF3,0.5613493560562487,0.5965273502220086,0.14727316188827244,0.3075349113291864,0.5567823982980223,0.35185155656035294,0.48477477695728066,0.393265298551042,0.1215718889178019,0.9244515171727686,0.6770081993538205,0.8821222680434374,0.9525612759326537,0.3771238606098898,0.11794338399080417,0.66735879857271,0.0,0.9999999999999999,0.7222012858283445,0.40184244343805486
EBF1,1.0,0.6304354149579602,0.6052916175854096,0.6328887192064645,0.19309233124829012,0.5098446243687859,0.31811752160888906,0.8885312332287146,0.5163530050129191,0.10646748542598522,0.23618247782936896,0.11818823852549515,0.0,0.24943545419192048,0.42088166425514073,0.29238097356964887,0.36816452739897965,0.312894451300029,0.5759003745055378,0.3347520283898826
EBF2,1.0,0.6768087870046673,0.4634951368366936,0.660223428928786,0.17358179850096211,0.6346477388573302,0.37866983136792026,0.7660163342714772,0.23270574920844994,0.0,0.15503814627271828,0.08626403959275247,0.16579349676516697,0.10911746258457766,0.2125751549099551,0.12059784513205479,0.3422250640202897,0.32483366853474965,0.5645419789038233,0.20774976292530556
EBF3,0.5134604873159163,0.48530322043652013,0.42996923434245665,1.0,0.2843931297764901,0.4013556287230689,0.180374388880517,0.32052097754087017,0.27921872203869846,0.0,0.10577059288248354,0.0457259446255021,0.07313338557521272,0.04225663476555026,0.11160683104954637,0.0374425550064514,0.35707862575918586,0.16401218401797507,0.3153512445547794,0.18679402461778621
EGR1,0.4908655438588716,0.1971960510653865,0.7989000642793607,0.1015479612294512,0.5208184594451137,0.0,0.7542516683540663,0.46180509763230626,0.5488516011704703,0.8924462513213465,0.5184650755434093,0.8173010671834837,0.918396004554126,0.8339166166659697,0.9999999999999996,0.9943301468996655,0.10897822852154748,0.6692837684211725,0.025252338148752163,0.571701817882897
EGR2,0.16641691057664865,0.0,0.12879897719298505,0.3267859414597247,1.0,0.8845293130615073,0.8622868800576424,0.5297408323589969,0.6422472709719056,0.4600500058266068,0.12239433562868551,0.28525401869775047,0.9055724996205692,0.8297148132699925,0.4413664039626859,0.967704592807566,0.35731812113474026,0.41948420190940516,0.45584252455658625,0.7470926898326855
EGR3,0.5797988685221442,0.32896994948944913,0.5987996249141319,0.259449225314774,0.3579214987016599,0.1400549962287626,1.0,0.6765991705763619,0.38304148998586407,0.41990895818065765,0.0,0.1599081190466567,0.866130473220883,0.5267051194133952,0.2437560199115555,0.6969723646742614,0.2002546181596756,0.18227875916175384,0.012396176769577272,0.30729694929147167
EHF,0.0,0.08255281122066527,0.06967803862456956,0.14921343176257307,0.2874158794993467,0.20175479759870313,0.23774183197477478,0.39264981248182823,0.3268807255966893,0.5930192070234854,1.0,0.42288418311372683,0.43363568274480263,0.20394357619419895,0.36249946975662556,0.6163479584101565,0.2893268904895305,0.45093784755208005,0.5429156991278634,0.32946458233590753
ELF1,0.006585346978818185,0.13778382830625202,0.16137389894762588,0.17595099975083905,0.20516532099886553,0.6639908799679577,0.39190622734234126,0.514202490627123,0.3452962086879474,0.8427419318889446,0.3867829638367499,0.9112200386497211,0.7475882103595188,1.0000000000000002,0.574288165738382,0.8619413923602475,0.0,0.7654004059113639,0.7732376834897041,0.8537091213484362
ELF4,0.4221163370293608,0.7495316110407935,0.7780079617724571,0.04454482487723466,0.34291371138419335,0.38678154647201923,0.32431220445046227,0.0,0.21287781286029372,0.4576541264730978,0.2707135781547394,0.09965728996513801,0.6099760489048818,0.9999999999999998,0.3848588617460593,0.7487646792953349,0.6053477253363093,0.703823177833591,0.8240742937680163,0.9939396511972018
EMX2,0.7347266174424452,0.40203581051237,0.5369046049708099,1.0,0.004642083290523791,0.1485309051627996,0.03231543037139234,0.0,0.20999750102563758,0.24890585939401771,0.7803992441175776,0.5512196586166627,0.607369437195755,0.3750704621916043,0.5764680551277905,0.5299503616577088,0.5429686008706627,0.2548686055656411,0.5295973513581911,0.36018618817192244
EOMES,1.0,0.5853127213824116,0.3419490448535121,0.270952192792443,0.0,0.10326749538518643,0.1763981472812428,0.32482717245798587,0.14879207735071276,0.49655495888332046,0.05924512401445958,0.4672630755649234,0.6151203104110881,0.355881861894348,0.2250278926406819,0.5232094697741878,0.26795883743963556,0.6165450853431493,0.8564671592552289,0.39661066579071447
EPAS1,0.2563131821785921,0.29140584161935146,0.0,0.2525973412152064,0.5004831667065763,0.25273169180106714,0.5018629194910045,0.400034038525407,0.3770645379214361,0.6861238368965965,0.356441267423417,0.6770111948380115,0.9612348856870179,0.6250256712068651,0.7703416360228104,1.0000000000000002,0.3572182837280017,0.775028343294003,0.5566395226400567,0.40403114453700084
ERG,0.8040019947492683,1.0,0.48530367741992464,0.22776196676173666,0.0,0.3850485813334399,0.14717494411495124,0.1406008635822582,0.19508701050060873,0.05705835482882593,0.07382662238721638,0.09070911910977908,0.511885260831336,0.16088368400801945,0.2695239357710034,0.64506745028469,0.4834660580093951,0.5451539079646457,0.6642973707832263,0.39445378500665995
ESR1,0.6535191898827606,1.0,0.3820196684126745,0.30962033874367595,0.0,0.39666017174771356,0.051283825541262595,0.2637756129883246,0.22549656495594478,0.03493037088020534,0.14330858261317797,0.021622249075290256,0.010187428428115763,0.37714948795903075,0.22361278268592982,0.19947389744561866,0.47105060231363843,0.46768571946810317,0.6637581973613484,0.4592736517822545
ESR2,0.48284176696488745,0.9533927821911212,0.1328772291369389,0.46537781990441585,0.6597183598899465,0.692228970681533,0.6395202697369471,0.53663639424125,0.2456578813388015,1.0,0.36546963489317297,0.7102757397759953,0.7501453050036342,0.0,0.17387180431475469,0.5487964497679156,0.036485025099634694,0.9096587348436014,0.6433054702844712,0.3576299784943435
ESRRB,0.3079949111307758,0.4740591633646625,0.5300692078538272,0.5112603565570755,0.17482551411223035,0.4784517691548389,0.6460346246864386,0.5508150350681986,0.22678685185826541,0.9898391388005212,0.31154120849620803,0.36483093823768287,1.0,0.08873748294226957,0.0,0.43443799132543015,0.04083966725154087,0.93080179415695,0.6647530906537065,0.46371195370097684
ESRRG,0.7639362349323588,0.9516315183807433,0.9681971677470333,0.5270088921869813,0.19042332652140437,0.2219683510808088,0.0803693850175855,0.3957000815267355,0.26738011690294883,0.1394172523103323,0.11914860571888419,0.004730419446174139,0.057107322090478085,0.15505988107293578,0.249461663788771,0.0,0.30145530892384453,0.44397019687608363,0.9999999999999998,0.2814956000415023
ETS1,0.2620850878154264,0.0,0.7848206350560774,0.3819034645819861,0.8260136665876969,0.6621105170316994,0.6735893952217666,0.7188357893826243,0.836055071481506,1.0000000000000002,0.45244083256355494,0.1816225208906983,0.552946058414231,0.5319304438495549,0.6359684351635921,0.9319299656811515,0.6116225243307296,0.5653469604311732,0.45642796796178176,0.5270206597983951
ETS2,0.5141597189764309,0.5691379933761043,0.300580133559543,0.7909699954025278,0.6947473825729624,1.0,0.5794961593353691,0.6014971678558854,0.8020224008338581,0.0,0.19872081915171352,0.0007009564207530738,0.6745560467001384,0.23237571539341922,0.7811492417143324,0.817461002566344,0.9321747514501157,0.3509180178067491,0.23828918679559713,0.4511181288223031
ETV1,0.0,0.01277486204706113,0.43748142598241824,0.7757970781638281,1.0,0.34858857624897843,0.8164103414408381,0.8133612253944325,0.9548480634299219,0.7920025105408872,0.48099016208126777,0.824488170071958,0.6936198562015765,0.7036944898318716,0.905867067802689,0.6454177642432419,0.6900227488709694,0.6667593390117355,0.5245410165831557,0.5908139507997408
ETV5,0.6064167488229217,0.22235463280182421,0.7492728630371257,0.06616396594485074,0.5980586969203427,0.6528947085616761,0.4977129665916724,0.49805549171164887,0.34922984432730253,1.0,0.0,0.843530102849845,0.492444321815773,0.418203085647882,0.27196725886592077,0.47693577599270087,0.062070310914819515,0.7955748239067866,0.8535739771092936,0.8193435252094847
ETV6,0.9999999999999998,0.45466551297486624,0.6197678534110589,0.14208295118376246,0.23893068815056417,0.34307927522368753,0.6372666828465885,0.9165625854382522,0.5060278639829747,0.5776596396941318,0.3064306499301568,0.5294359807778133,0.23482074574513478,0.28610369462146346,0.0,0.26510795072991744,0.32199526388644073,0.7005250300088837,0.40012648032718845,0.7516938455873441
FLI1,0.9503112385721526,0.8353409956157984,1.0,0.3618929672102381,0.21131378476962626,0.36416917023497863,0.5824602036199684,0.8664031981460916,0.15710840456316738,0.2323214010288358,0.20872068413753242,0.23919941710822823,0.1353456711672587,0.0,0.0851909364320298,0.027669203095033623,0.49115397742440303,0.41462645336285864,0.5155695535924463,0.639302058793015
FOS,0.10293607525239834,0.05740110289622158,0.0,0.1386486377952152,0.7447639372670521,0.4615363723732754,0.763614876124486,0.5040870477604008,0.7548279008601356,0.7475599969987591,0.8439327315793536,0.7817137522270353,0.6891059361413251,1.0,0.7448627539617841,0.7544902791884919,0.20676967504604826,0.6843718018207531,0.3212270169860759,0.6497007324070178
FOSB,0.36427815466998203,0.2559146698165766,0.3454883765130472,0.19140926366856303,0.3270560541445693,0.21722970409224807,0.31844062649421545,0.13077201906176616,0.31345106747094165,0.5224071578119498,0.5964628111702683,0.8718737375663077,0.7352653220865817,1.0,0.6738859285789107,0.9344744250631796,0.3540375965023361,0.5155983366218508,0.0,0.39514742868528496
FOSL1,0.32094414907644875,0.32647307448985385,0.33615610091641657,0.2951620765586317,0.10145898801740427,0.057557535206455845,0.21831796944646475,0.13905078439467145,0.16091635528202597,0.15873795098960186,0.028790574496663723,0.0,0.7116528176195139,0.8146213038152416,0.20678113677398924,1.0,0.35202781526004323,0.0940966889401782,0.03913102198988205,0.31077167122739546
FOSL2,0.36110384863377387,0.2889480157689571,0.31417498527435306,0.13756354087059453,0.0,0.08916496472407798,0.37909440925970783,0.45662821379887264,0.5325638284556085,0.5043871658442647,0.7678781918575937,0.32682867627991796,0.7161527815614548,0.8610675039829767,0.9016816829756895,1.0,0.08690386666304872,0.4444700199616758,0.2734362720704834,0.47205121118544935
FOXB1,0.15841309408426996,0.26789114999529773,0.028949299791422356,0.7273718345658173,0.48993960557388405,0.6043056089948902,0.5098956643508874,0.6299650236871355,0.9847799812849665,0.8181776318963199,0.5527984641908308,0.0,0.4517897668528186,0.47577832081148963,0.717365787229439,0.5112552003001594,0.8147977445593841,0.6680677328981188,1.0,0.6318164943395157
FOXC1,0.20377043325517719,0.33166197972470146,0.23764446387306937,0.004192804247238779,0.0,0.14844219849679396,0.41247888717262027,0.36291613689508406,0.64115804926533,0.8380184585623792,0.9749356990927055,0.4941692368404843,0.6136079913273343,0.9999999999999999,0.6866793959893235,0.9821577594577052,0.7664266199004998,0.17164834215835467,0.13848049778378113,0.5302252751322828
FOXO1,0.4840807359375606,0.43746708249562727,0.3626919723779388,0.0,0.02002450736871686,0.1707739435783886,0.23646884941991553,0.3654652584603145,0.17495766332704932,0.5277009181748684,0.3651989915806322,1.0,0.6158548338365213,0.6088101187139114,0.22335032870496874,0.3979909772325956,0.02607879147228942,0.6471669074253648,0.562464084989402,0.5677814947388846
FOXP1,0.3320488783172477,0.28936732114369823,0.33714387920677136,0.4844419205750019,0.0,0.182809730430878,0.10016657768122994,0.4762327294501696,0.360841483971138,0.1376793903459297,0.17840403540488792,0.006344358490478541,0.2696480985240113,0.319406974632769,0.17143845551384307,0.19012180452527927,0.3568293684899817,0.3762848755543069,1.0000000000000002,0.41941034007080225
FOXP2,0.47554460970638035,0.5047397961811474,0.5124860091077248,1.0,0.5863046873484625,0.7096712421389947,0.37458332757740376,0.6148441291947158,0.660687687379053,0.0,0.43307369607772006,0.16113994936616494,0.18512577785210038,0.1756011291653624,0.6783838445848794,0.11340993381007902,0.8497005517255903,0.3801564794658018,0.6738094217769628,0.27696420527094845
GATA3,0.36269399719365936,0.3316615684479234,0.5362056694967521,0.46312267731927426,0.0,0.8284205122910087,0.5480563306670381,0.4960744868285403,0.08431694008352952,0.09807249853269728,0.16400936725361004,0.6406388674120351,1.0,0.07334987569983231,0.17406923496622673,0.47328260661024,0.2531105168382286,0.0878373688412617,0.6081871349467125,0.2952627079551342
GATA4,0.9015910588181831,0.86270420337162,0.9999999999999999,0.5106385442462534,0.1393051666994205,0.3223832118495372,0.31806705798165924,0.45899434811321316,0.25073740052733007,0.14961078743562473,0.20488295737583584,0.0,0.2471143288608304,0.07826615033823658,0.14485383999047918,0.18937008413325684,0.8192755465137335,0.347488250396352,0.6086897795757898,0.34529282972178377
GFI1,0.9599791283712295,0.8962186938796689,0.8570283466187009,0.7967919215013414,0.1859886987761451,0.7516218941865379,0.5653103666971543,0.6322291044156175,0.6161132477273904,0.0,0.0026723858067861928,0.13606806289939433,0.27864441370993764,0.11286965580094255,0.3818666229737734,0.09720118193087057,1.0,0.30276472447102243,0.8609785118006051,0.4979607924723196
GLI2,0.6692520058130726,0.9999999999999998,0.9840422510419689,0.6506618997256546,0.35546093666153045,0.5812694821328281,0.37263373440487,0.67147159962949,0.4019052215352783,0.6293914181437859,0.5472534262958657,0.3127254159642785,0.35113048156861537,0.0337726156375564,0.0,0.1399859825833918,0.5286403043021219,0.7219477250624131,0.7999383699330109,0.5057342148217974
GLI3,0.5459095967073013,0.8322535354015606,0.36684182329147097,0.27298089724462216,0.19538806014811705,0.5700558806250018,0.44100433556573515,0.7199346145923022,0.8392574772972927,1.0,0.802254224931847,0.3547394058544058,0.0,0.4029444607118018,0.6093391523080154,0.05384666923966508,0.8552965677388409,0.8811498566680442,0.7930337806946679,0.6424351879427417
GLIS1,0.9344443671530487,1.0,0.7280725926594094,0.5436633878645725,0.24717375757799492,0.5865882403607865,0.27315362891086387,0.41481023803142175,0.3026035944533227,0.15286639231642157,0.33515217322173035,0.2275403393285696,0.3423266544847559,0.0,0.16576796007471328,0.133389785084017,0.41463521780789253,0.29935131030108203,0.40248668344571376,0.2613416678913893
GMEB1,0.9999999999999999,0.9829153306831243,0.8635768997563361,0.8197570032240403,0.6013856391478817,0.47115818945917753,0.6115625672444894,0.46735948346634293,0.5267022518330168,0.0,0.5484845934489907,0.45218427706729647,0.4955079266654495,0.21439750852184292,0.724854574114406,0.344513688790841,0.8184405434340322,0.4212604645732153,0.22034791998459557,0.4068233531641162
GRHL2,0.9999999999999998,0.7422635808584614,0.5420073171033244,0.20868175711490378,0.052281466945778954,0.02432270895105293,0.3127534543941417,0.4037537967879873,0.3834648526648551,0.5831482573918296,0.335706233836339,0.20184033099064014,0.16440936750172597,0.2284775127827039,0.515553457946281,0.2087413679318627,0.0,0.48078187176266485,0.4916561414320555,0.43651650511237083
HES1,0.0,0.055750793803104326,0.3081645805879605,0.2761265376353934,0.7563555714393233,0.2571813676974053,0.8469079776036217,0.5370907575073309,0.4230052709407668,0.37137040552780576,1.0000000000000002,0.7171725743859905,0.8093528545483055,0.5891147289322416,0.3165948979172679,0.6691969648685356,0.38584646820284796,0.3234343550178258,0.2626709980913009,0.3182885301118539
HES5,0.4422527086372977,0.8711951963945629,0.3676175506192556,0.9947445483595366,0.9659297861796555,0.5117609098517065,0.39123323814769817,0.15908179336988615,0.431798418586975,0.05716215287958737,0.7833404101887104,0.24782401427523237,0.19117799235351662,0.1533949837061349,0.35337802006099694,0.0,1.0,0.09112616250477673,0.1066447081866208,0.19634904645038476
HES6,0.24873928146744162,0.2215584358897268,0.38482566179204825,0.9492559122757962,1.0000000000000002,0.4615596314551441,0.5324523467847796,0.404445834045856,0.5967957707449747,0.28018811867445026,0.20359061620780317,0.17507017895462929,0.1500154931970974,0.2151409546339389,0.26773065952482866,0.0,0.7013423561972449,0.010466544572938108,0.1884304537377135,0.3568147784384491
HESX1,0.9169739276228037,0.6679701393231501,0.557799579887116,0.6186947491178183,0.8099298016961998,0.6695159338594878,0.4420561931730458,0.35698337844179817,0.6694880133206433,0.7666495822201653,0.4206562991850318,0.9999999999999998,0.6491335291273843,0.7046253904867907,0.8145289021379238,0.3825630602915966,0.7088107732649271,0.0,0.5787231557252375,0.3933843950230622
HEY2,0.03789490741040946,0.0,0.36749904800225486,0.15439245331061968,0.6398817132090786,0.4517673693960622,0.8334746280369025,0.9651172904374108,0.8882181946457048,0.883497245319022,0.6515940345131956,0.005945869535287751,0.259542836684186,1.0,0.8095643446343843,0.5924015102000924,0.2274591024598407,0.2167527230840831,0.6794236112795189,0.7544313643420852
HEYL,0.3580295893671584,0.6314734798861823,0.0,0.2885242882666494,0.4209238259704076,0.8090084624735303,0.28006488193116924,0.21412207759210572,0.2766147590297517,0.07242516888825401,1.0000000000000002,0.6196803280199021,0.08974002675264131,0.027249166667112856,0.09055612158170984,0.12863344970140128,0.5614488360537417,0.18391648043254166,0.08794324871942333,0.04062741526562419
HHEX,0.31312023021612345,0.39152581479709836,0.46565994368426933,0.3277534677964654,0.2312288808914662,0.41183508925386425,0.40252167447965836,0.2878232618943033,0.23568646178328578,0.11262192378023,0.23227546105189834,0.0,0.09746268060686641,0.223006185215611,0.20664036571515865,0.1377112414187358,0.5494827253761982,0.7813645343816524,0.6807881790465122,1.0
HIF1A,0.0712503964092116,0.0,0.12085651030843625,0.2614042551575291,0.5046379305860785,0.36193781299611605,0.43566608456867295,0.30487075655149787,0.28644100898515057,0.6181688356520926,0.465235873351698,0.9999999999999999,0.6028865502976745,0.7251823643036895,0.34044905744753673,0.6287259045247214,0.06651231371294508,0.5032815602527564,0.2661722852259696,0.47873609696325514
HLX,0.9887302259477246,0.4460417142973907,0.2990025315089806,0.10342187513969714,0.0,0.39210640837081456,0.01866350866933031,0.014051031503187206,0.1812544881849416,0.45936712420348536,0.7021841340781017,0.20419241220522188,0.7738066293116195,0.5779856935489334,0.44449199741997525,0.9999999999999998,0.5201887594357062,0.36139754313751604,0.20054945318997963,0.8948901226993284
HMGA2,0.10437837596420813,0.06683487083218381,0.04795287650381419,0.0,0.4849813345682695,0.30853624494918225,0.7839979960961259,0.9999999999999998,0.40218140860531165,0.3032201975475201,0.15949961411814834,0.001644148225420805,0.4263889805875463,0.6009563810267804,0.2793188088234257,0.7881957727867468,0.13730690540962687,0.26318111187344767,0.21906856735094066,0.18845976059294994
HNF4G,0.28360959654970985,0.40450314580817337,0.605259865062329,0.4972869562711174,0.2903819024594845,0.29417646236180706,0.2755203325649662,0.22489098018448572,0.30952112714353663,0.46086298409992854,0.39299070194908914,1.0,0.0,0.3643363644584451,0.40490395921477196,0.23535164967893862,0.4774519473062443,0.6285166601364914,0.61857311434645,0.5365589907628608
HOXD1,0.2093937410195437,0.2611663591884863,0.3534218717883062,0.8233746389540602,0.9084394613613953,1.0,0.8312116827911193,0.9540067516538755,0.8940785180198869,0.0,0.35672771738462106,0.06399404334762723,0.15581993551994808,0.18193746152697446,0.6654753009206309,0.07847733405138443,0.950203784551009,0.028002286828463147,0.573000704289013,0.28523465736440534
HSF1,0.38095347707349747,0.39822936723486957,0.5827446165653947,1.0,0.5457659619084949,0.2015796492043962,0.5535568825217916,0.21907013689525656,0.2549160735750955,0.26975842448954657,0.06133214466940862,0.44421723294312043,0.4131032907543468,0.2100959646335694,0.47582298681810986,0.13556643553761827,0.4357038240167741,0.16601430087014513,0.0,0.13386216115978833
IKZF1,0.7798808099052954,1.0,0.3274660474059959,0.3292905244870861,0.031220958891546968,0.19870356606821082,0.0756337560871469,0.10460753875730089,0.11143760539193298,0.0,0.09521476816028884,0.04750691332056722,0.11027153436629034,0.144390149426587,0.17860007078580992,0.10622067010132719,0.24951187316426693,0.5144297798110029,0.7062835636239817,0.4945996367059327
IKZF2,0.18620207562638913,0.15273642433631673,0.1763542830457896,0.016722026633690712,0.18788665495246692,0.410196405625848,0.0,0.22320052252477618,0.3295918630068211,0.13226713937352175,0.3672887017917359,0.6173673125875354,0.08399000771358556,0.2757074702878679,0.4083368071247926,0.1077030879523313,0.04319723939592679,0.4016114484193707,1.0000000000000002,0.2666229162092064
IKZF3,0.6517823554680515,0.7771305064371712,1.0000000000000002,0.81624526195259,0.4961252051038165,0.579449612710657,0.5199162731688665,0.2889499385913237,0.6825831654317536,0.6918515296873935,0.6863426303062836,0.45299652161275583,0.5943731479744243,0.0,0.7136820760809892,0.2604441055803972,0.9346569303286227,0.7835150746328889,0.353165946429568,0.7527785548716743
IRF1,0.18604032736263543,0.12143900039705935,0.40364588148624725,0.0,0.23419459793885966,0.14484748299448413,0.35042115712120914,0.1727999005881583,0.42552209651708905,0.5576251307851398,0.7035613445676713,0.77038093080578,0.4988979637074896,0.9999999999999999,0.5440418472245246,0.7095683221359791,0.32060732339656794,0.41069721466061504,0.24821919520043567,0.5374109194658959
IRF4,0.3270985373053267,0.6282938386472856,0.2714961659006373,0.606969231756044,0.5781672418117624,1.0,0.12699311202964936,0.21811104466782577,0.4929227395976684,0.01983030474674946,0.1610264244772721,0.0,0.03102192741379478,0.11755358746665195,0.3212714259675705,0.2917583757438882,0.7820399156412442,0.21661928422638732,0.538639262329152,0.31314473789397756
IRF5,0.31225861174457864,1.0,0.0871870842842728,0.44202656862431305,0.11547156869463077,0.17503888423597153,0.12115712660560302,0.1968863196081207,0.15925146106447463,0.0,0.18788530333895798,0.09620217931215058,0.10531703586792979,0.15396479437853078,0.1149273024424764,0.054102291478147935,0.4427333431428854,0.1758147895131475,0.228233142421925,0.24338745225096287
IRF7,0.1446089785572211,0.0,0.5866545304441104,0.8423802723011022,0.3707824957752093,0.40507421108940833,0.7597549025664214,0.5082590867275034,0.5620738963739591,0.9964102925845417,0.823209012894546,0.9251836423222055,0.977189822109539,0.3930678797313696,0.7644853719074207,0.4297592902588303,0.9895215206247425,0.27627769631936516,0.1513278634319486,0.9999999999999998
IRF8,0.6351912338612486,0.9217372600253264,0.8631504606803522,0.3464227028018469,0.013157240263502679,0.17391916650967992,0.0,0.10788774053022537,0.1488668889956945,0.03600830015957357,0.3317456687586871,0.1352560836195587,0.035882235212961355,0.07215055873657189,0.1995428271809549,0.2026376178918869,0.5891470693028287,0.6614338652688805,0.5766877648895712,1.0
JUN,0.36117232440735303,0.051753053240763736,0.5983375230578523,0.281934685654607,0.5529727186314666,0.23054143373998426,0.30731457229933,0.15136473081902002,0.585382672023697,0.7730090983378639,0.79196580454969,0.838477220216481,0.6907210540636239,0.8963355241752986,0.8207581168074538,1.0000000000000002,0.28846510618829435,0.3094273738526132,0.0,0.5663093078038373
JUNB,0.278717574572645,0.12836028210263906,0.2941966856464139,0.320379340015709,0.43153180008621717,0.36613987351337396,0.5691178487372763,0.29418850579415645,0.5227680956826268,0.586583807186899,0.736558460241435,0.6405750026000046,0.9999999999999998,0.9776163969673963,0.7097103353322882,0.9589227690219266,0.4412456963111313,0.40126700371525037,0.0,0.5400798030990395
JUND,0.3133130856405011,0.1958152155086761,0.4573625738665823,0.29319743399940834,0.489322526990142,0.1826920264052636,0.4884284861834649,0.15038800266399077,0.4023209941402113,0.7646706936776253,0.5097992424914917,1.0000000000000002,0.8612377212120279,0.7307983225058117,0.691018659300797,0.7410304258835085,0.3630303264411936,0.48419466394789556,0.0,0.5192037442497168
KLF12,0.6168496093513575,1.0,0.6748069376100093,0.5992655012247262,0.49995594935241894,0.5449741522801125,0.686427561181347,0.9569261309744491,0.2713412362608497,0.5791362813859181,0.160309555178764,0.5055306193993644,0.3455709048592107,0.27024993089755,0.28630585194819724,0.0,0.13539375008210686,0.6444832668595625,0.8250939180627269,0.4876897240341477
KLF13,0.0,0.1799528262177299,0.05122644319313996,0.8387088440022159,0.5820231704822765,0.6417710511967438,0.37348730972388133,0.2927071201609801,0.7806465949604176,0.6359589898163798,0.3243095774105149,0.7235611186413309,0.3028686526340949,0.3746813809919547,0.5416468430924579,0.35994610688088025,0.04606395208370895,0.7614888126325454,1.0000000000000002,0.6573018187570743
KLF2,0.4617903111296664,0.5022169080462209,0.3636673579194014,0.10867016784774275,0.3395137699471491,0.13323410598160723,0.2907261748072665,0.14432492349361659,0.3933986716399349,0.5268925985666653,1.0,0.7244933917404501,0.798926902081718,0.5110020045811301,0.3936615586926666,0.886399459697544,0.5909448651203721,0.5247334764915215,0.0,0.6020659897690228
KLF4,0.0,0.00987642336730743,0.17930004864890525,0.2671548253158197,0.6061080050172122,0.46358010022963936,0.5158853689850555,0.3784065701145747,0.6911840940969626,0.5134637024811928,0.5753460107420428,0.552670955092694,0.7823086193269077,1.0,0.6590120899889748,0.9800583875812633,0.5194059805239448,0.539292719451932,0.3697552784421184,0.5434185369066166
KLF5,0.13096684279761328,0.16857974000524756,0.26536756826398167,0.11227402791147312,0.05274521762011747,0.17275755965005646,0.22403641909155192,0.3829973620045194,0.20303792158934708,0.5795127151986327,0.16768332422516408,0.3067234115190731,0.5801782776174932,1.0,0.35086347899240944,0.9211027967881494,0.0,0.4609538903092789,0.4030757075716279,0.3691470034404879
LEF1,0.25889150153621765,0.26771183159669965,0.33570151109993873,0.45379292788041026,0.1505150977238897,0.4023813918724294,0.6105279024471715,1.0,0.5266752018831572,0.4548923441379551,0.3470007669678632,0.06277434139491395,0.0,0.4846127249490291,0.43303801803237707,0.4280255065122577,0.4689737675343677,0.3274021261695338,0.46016103320217216,0.3544383476456566
LYL1,0.34540915939117844,0.4439444117912714,0.44809326295409724,0.9999999999999999,0.2821179413162639,0.6178157511458114,0.26089048519598146,0.10604772817969926,0.22787320691501933,0.0,0.2247257208973672,0.3250217733643802,0.416563844022248,0.12133571761880269,0.20567428165457546,0.11307302855779278,0.8885285666154606,0.2905065889514441,0.07739761642618437,0.6228534002342415
MAF,0.1923926610038761,0.554993431943324,0.506842096529568,0.10252928821215512,0.0,0.08395919822779341,0.2212728194241932,0.27328984114817856,0.12118695986150796,0.6811082282553164,0.5398126026209144,1.0,0.8508439206177855,0.9140377599901436,0.4318390305666009,0.6651362362541159,0.44949377806604274,0.5852125028756162,0.4002343005718396,0.6921834245930966
MAFB,0.7796387251590897,0.720702464742943,0.9754032599515383,0.2613578000073559,0.20636115672729327,0.18294456263690262,0.12893376514946225,0.0,0.11082428714934278,0.5113103726353354,0.4717288619481526,0.728975321278152,0.9999999999999998,0.6883845555760837,0.5576378007093066,0.765988576183003,0.4339646649598497,0.5310374654562489,0.46458354283651887,0.6530178235239343
MAFF,0.1855975981367073,0.3222474230992559,0.046591231696289315,0.17825598593323244,0.381969825974836,0.2843949197713783,0.5490318346138529,0.21883930140971475,0.38376509304795314,0.30852385185196807,0.3218990686745108,0.4330320787739025,0.6690443146354313,0.9999999999999999,0.2961128645927297,0.6935683183802616,0.0,0.16812971326544945,0.09132255659350308,0.21853760370241382
MAFK,0.6785572201640961,0.6951111779773342,0.4410477561929993,0.3133286573533799,0.14392281352117076,0.09554952988348164,0.26696047689090285,0.15276411062915685,0.3988731737951192,0.16532222461296775,0.4075145188988851,0.0,0.48626247130568667,0.9729290944415248,0.6239600733434814,1.0,0.33544330923276,0.12162854754862573,0.1774441737248409,0.2132629840415069
MEF2A,0.13737416686094972,0.343463524914675,0.0,0.4315673000555714,0.20646176465810906,0.5011602360650474,0.4237794180677875,0.6841626055424784,0.6341907723471379,0.3046833199168507,0.27609599759188497,0.35605460740004646,1.0,0.6513978965047452,0.8658811079201744,0.9050669135147201,0.45606828751053474,0.6099191844036574,0.5400965637327987,0.5013731209034714
MEF2C,0.9117010455574601,0.3630125301272933,0.7868856402938824,0.5282171348736611,0.7374697665094836,0.46122617972772084,0.5811349436074458,0.7082633140305259,0.6922376565065089,0.33522875685859455,0.2547326324935886,0.3937827762832622,0.0,0.8185925206566511,1.0000000000000002,0.2791335758655069,0.524687991212309,0.5798271447163945,0.6304037123566937,0.6424492944314435
MEIS1,0.12071729840892087,0.007971995307091029,0.2553763854007558,0.04327583263230861,1.0,0.33344187874465403,0.6120309009470691,0.36236231414056175,0.15086361628444067,0.24524255530198213,0.02717183162066683,0.24126522856038968,0.0430891940214051,0.28222197154878814,0.047426716411238634,0.0,0.03409727552722497,0.10205173311023474,0.35736508531051603,0.2053822393443553
MEOX2,0.07482465339596345,0.08114912020878479,0.41047055610391303,0.08131662155460473,0.2711397744133589,0.051062971506593946,0.3726234049837872,0.40966854524913576,0.29241533770316475,0.6242281409145175,0.3174821290843167,0.9999999999999999,0.2895895407593274,0.6310607432232553,0.26435629862023113,0.2977374439619147,0.0,0.46414329881120897,0.38072528226997115,0.4349187230112439
MITF,0.3862261296496673,0.35233894927781617,0.374316893183961,0.09436176697111986,0.0,0.6979314446718935,0.1215357148382159,0.6329725596667327,0.3087476284274584,0.4301752608942694,0.37668609160002864,0.2558950740940851,0.2309273463677589,0.33922863861213615,0.16495668852542922,0.12255274269251026,0.26785373409479996,0.4896648930427189,0.9999999999999999,0.6030290427848627
MXI1,0.9641606738643276,0.529985873560864,0.6109126437936709,0.3819857066381327,0.7727469363277684,0.43645968813676816,0.21427333527272863,0.0,0.43006970806086886,0.26267261299394784,0.8202892325247544,0.598283819362794,0.05835850481257543,0.5309119570664667,0.5194763801419096,0.2582961088753539,0.21402749033261537,0.30380521049069786,1.0,0.6108799952092647
MYBL1,0.47439138464107744,0.4372405363292726,0.39179356502707874,0.5662235465763183,1.0,0.05277512339257706,0.9714762726431143,0.1504543223331627,0.3856184973944643,0.5154775733624537,0.4033253682872484,0.8554204003114938,0.11446039079584391,0.18713236506941566,0.5543709325091344,0.11015953274713164,0.0,0.3043566552164316,0.5172681009717284,0.1393727469699173
MYC,0.3468909965357576,0.0,0.9356735203945825,0.46778675932555425,1.0,0.4569661055008891,0.5289421179913472,0.4369981952395552,0.6879954242344901,0.31598468087297915,0.4055852094609953,0.6992442312636422,0.524319808213642,0.780787233750682,0.4608897222655364,0.8457227357712367,0.5914072125275494,0.09765763435493713,0.09275695206779133,0.301681198046007
MYT1L,0.9269645675993833,1.0,0.37479543882253896,0.4217634912433941,0.5197496945718972,0.5156768682468212,0.38146835709620996,0.5736426310003175,0.28965073926457685,0.10352143167993255,0.3463065313220991,0.12304582878432657,0.08879460775749048,0.0,0.16935574723518076,0.021940237188350975,0.2999871638308508,0.2349372413291908,0.5193738680666018,0.10893526634843109
NFATC1,0.0,0.0816097034157739,0.2309768838662999,0.844663277501963,0.9607873519391578,1.0,0.7786605379680461,0.5567781682466041,0.733241604439485,0.08657343625806868,0.38022474622547653,0.1742448094067085,0.04843820131126242,0.21473198191697207,0.4609515449421989,0.052515255088019686,0.8884221565543183,0.4855851379776598,0.8002364487196462,0.28089288720082395
NFATC2,0.20844361964695024,0.4225927865714544,0.039307454849188295,0.033128878278619656,0.0,0.0762226884031354,0.5924528825039111,0.62082992440837,0.48434351681672505,0.7135965965068701,0.9494699431400037,0.7210282300701844,0.5950923824230413,0.787526097352551,0.37535983601801015,0.9999999999999999,0.23434519915172147,0.7472628607190243,0.30624619946819465,0.40999890029280384
NFIA,0.8050121494964522,0.8523022482712928,0.970593904946988,1.0,0.8704516948347201,0.20205550028360797,0.33141270067089224,0.2806118841106513,0.7439649464820417,0.5653707420597383,0.945118707932874,0.5933059418989535,0.1870355684260363,0.08426118207786182,0.5319737268342388,0.0,0.6730385700157124,0.9322244183538602,0.5652116541892558,0.5932755136195405
NFIL3,0.08734991564287409,0.045208916318419945,0.0,0.3109143187374257,0.49052487365615693,0.4138832161447552,0.46608826359819533,0.44648798191531536,0.8196047351447437,0.23880771447539573,0.6856936546177361,0.5437727170354192,0.39603947529816397,0.9249584480992259,0.792976999023431,1.0,0.44340232543965685,0.10088639896481322,0.11926927359910011,0.3701770420956976
NFKB1,0.1977699012650198,0.2116369101839577,0.1418710496263873,0.27034634932930723,0.0,0.39131139084252786,0.15113294426161739,0.2935499141591478,0.42505615873773306,0.5412546425052558,0.38148856690756605,0.47261547585945496,0.5602997680200026,0.9999999999999998,0.5078110042932331,0.7247524902865456,0.19281318809842807,0.4594403668552127,0.8306390903308918,0.4991050676461426
NFKB2,0.13961278838409474,0.0,0.42094694216281126,0.28017875791797875,0.4136177047533517,0.4918863327504047,0.2872436749631727,0.0018831261101838193,0.23413763582183555,0.13683288030908936,0.2623604957857857,0.14179910989060796,0.3193712402779233,1.0,0.37531549771337935,0.5685312230356715,0.28547305562960124,0.05665562084350406,0.12486480223615903,0.4381568126741938
NKX6-2,0.2973512112664689,0.41549856668518703,0.3138899482308989,0.3050262139754688,0.14312341198304715,0.8627445751084438,0.14422612596092652,0.1272574802509793,0.16249298270110882,0.0,0.03544610311123428,0.06827311526240823,0.04306051673749636,0.10009479755335429,0.09613368586740825,0.010457054794212745,0.4063094820306048,0.08409497403647717,0.9999999999999999,0.4227796304326292
NPAS2,0.6826634151451766,1.0,0.1963840340778713,0.0680199359571188,0.0,0.23033373262496915,0.09929877553371275,0.1235357955452161,0.06814736467192467,0.3374277684313305,0.14929251183594316,0.04288087663224843,0.4855654941920703,0.3958618814477467,0.12480740230509446,0.5063917795657412,0.15722374030618053,0.32555263556214675,0.3825319025330739,0.24333712181914013
NR1D1,0.9257716065266131,0.6672723230765281,0.5243272051637919,0.5798930341089195,0.6660900075802467,0.21895065453098495,0.420514539949308,0.07595055965194808,0.51385750918026,0.7338188359844355,0.566906672095626,0.6118242391967406,0.9589122513600703,0.8170981501524552,0.75221093582058,1.0,0.45469811729455123,0.34225831001571594,0.0,0.48756281180017536
NR1I2,0.9499800365280945,1.0,0.44547864930206316,0.7622537453204751,0.2458131738639211,0.7872667334994053,0.4196294331785023,0.7416827760422854,0.38571413243777475,0.011946934458195169,0.17929745050594825,0.23319694295824367,0.5373556218564597,0.0,0.2337998942750552,0.06156915858355516,0.5911767482197677,0.24219356033291928,0.6504985342141111,0.28574957192644246
NR2F2,0.10643869286664492,0.0364499615842348,0.26084313414366045,0.8445302193526906,0.9108669899413665,0.718981509602791,0.8361001138262611,1.0,0.9861272106127227,0.5100872092744346,0.6709440893352833,0.0,0.6059821218274438,0.6053461789902473,0.9905595132188098,0.3964912806059151,0.9653914079963456,0.3087014087430108,0.33062381119476447,0.3182176127636335
NR3C2,0.32202102531904564,0.6959736671593304,0.38253737560532186,0.19333286989455778,0.01497729854951968,0.6828701191839675,0.041928665877018156,0.1463796418357417,0.0,0.43839063674137013,0.27809958393764167,0.8617202573258989,0.37668741611514966,0.460458049208172,0.39422794923555515,0.2529624172671008,0.22278436961054982,0.6863376503905132,1.0,0.411220617342269
NR4A1,0.22478478296536464,0.049393812708292906,0.18960096870361065,0.5543393550076559,1.0,0.6658242804191614,0.8595925215296543,0.5047959928391377,0.6830143172660432,0.21288612138544893,0.6115289789435718,0.2046920854357377,0.0,0.8742763141644332,0.8720997450851353,0.2696018575511592,0.9612285472521238,0.26245666802971446,0.0553970719212622,0.20319514590702492
NR4A2,0.056673238170382945,0.0,0.393214496246853,0.46178989859869735,0.9979476531818349,0.4567917476839948,0.7147770087952457,0.7025361714420159,0.8734644147078091,0.5686402573309565,0.6892453711520666,0.6610736213360643,0.3506657827694709,0.976119869511712,0.9999999999999999,0.7030392342501323,0.658024582969757,0.5140006292617659,0.7118606721461206,0.6484153233342765
NR4A3,0.17649738459976116,0.0,0.12852917540937658,0.359125613159044,0.6889207199895645,0.5437052413746318,0.44340404296559754,0.2996762845424813,0.5953475649046388,0.6544470420457741,0.7385636989424827,0.6599926955522494,0.5800374139022454,0.9999999999999999,0.7624606693953978,0.7329741509488147,0.5437152168705207,0.5322516412714212,0.2857921292780503,0.48194809491125723
NR5A2,0.553293750366084,0.4428225780144912,0.3812136514103942,0.5841931101234514,1.0,0.8645784409650816,0.6414448158613748,0.7980321698724806,0.6636563953036123,0.0,0.35938076244136175,0.03802452313831062,0.05513977539022663,0.08212924087676865,0.47083650106740826,0.1497204958133801,0.7463392962034929,0.2891903098643557,0.7811280071449604,0.22628504513695957
OLIG1,0.0,0.042481366953719346,0.11937444508570016,0.36913482879692466,0.9999999999999998,0.5358502385550172,0.7918593931883322,0.5535304255896036,0.6983806741056031,0.8720510128970052,0.3428852957935505,0.8299713633668668,0.7167157725642459,0.25372032372082026,0.2884546786220325,0.16526458540541833,0.6356813533938048,0.42804099202882456,0.39318273094004635,0.5406348497155813
PAX2,1.0,0.7525210685015045,0.8999620967100597,0.48650746986123555,0.14208874452017856,0.4037002311334827,0.29761541242239237,0.4064242380968674,0.1135340281339719,0.08068722792902822,0.18883354752806897,0.0,0.11308746531435737,0.03999115790677882,0.12164883621246364,0.19082302990659844,0.4939332179204439,0.3228243540443107,0.5958859321358716,0.32747352255911605
PAX3,0.26723840413255273,0.2964225756900962,0.4768005624097408,0.6505182365154805,1.0,0.7143819319549471,0.8079323847675328,0.8817204599138058,0.9858026585711099,0.45325877387173485,0.5412624263773249,0.0,0.5896708254759109,0.1026529232904489,0.5798665272276379,0.19189787387015633,0.7163476417699216,0.3996691843347092,0.5391053319215808,0.42808623966325243
PAX5,0.5348894620126129,0.6486628293135815,0.8572937139465157,1.0,0.24957435652399484,0.6372008651388738,0.30905498828675027,0.6108937632666097,0.2911957705865129,0.19762669270630728,0.3707437376230164,0.373024438456113,0.086945125854893,0.0,0.08936950278265099,0.14626035958059036,0.34276016459169856,0.3057086506064822,0.6007461827771817,0.3385865234304809
PBX1,0.966182147363186,0.576483878739946,1.0000000000000002,0.7891953620982981,0.36835215915683417,0.35008346474943397,0.2857697964050725,0.46475973328863196,0.4022503298516107,0.48574434905434893,0.7476209021703741,0.45375052368323354,0.0,0.21371557534524044,0.4446313224995777,0.3094468818778928,0.48775760121183787,0.4184096047869472,0.6121991322613789,0.46549517170682453
PBX3,0.1278620898642291,0.0,0.39506083352515686,0.9917542205218521,0.9695701497441609,0.769360091220662,1.0,0.8296625164657236,0.7916149535568644,0.8529729925884288,0.6226110285822002,0.6860346335434733,0.7476550123802113,0.9017894573334029,0.9328587149854319,0.6202815668876711,0.742190970133124,0.7507427768686443,0.7387397438494139,0.7758092964335872
PBX4,0.9999999999999999,0.5104180648062321,0.775260968931656,0.4033297566894304,0.22609213076907964,0.32093660252297773,0.4553278776905957,0.3412938417231147,0.1801669323241636,0.23820885865435437,0.18878131066619563,0.3215856206280955,0.36264890741739964,0.0,0.2649730572087311,0.1378788423414069,0.32547464756532507,0.20059565665868495,0.015982199357637117,0.2374672907931651
PGR,0.745753638412326,0.7285071489559611,0.39360328215502516,0.3685954215178059,0.1926432646390127,0.41619983161707186,0.30250759082249534,0.46640125566453106,0.11205802829251887,0.0,0.05857329326824978,0.12393312818765934,0.11271331178708222,0.28433032716136486,0.3173048932155227,0.12053816940071671,0.49399659009876884,0.6751612018542614,1.0,0.43234487162790414
PKNOX2,1.0,0.9372516542794747,0.7684436071632537,0.3408184996025042,0.4737083818954786,0.6825155373294909,0.4586846740415351,0.6283651512312041,0.42180514006713543,0.4663127444052686,0.6164560763362912,0.2710211210651249,0.21225403376468122,0.0,0.2183126493998454,0.1737059733769878,0.6856195003495786,0.3932362165017803,0.4738643520851138,0.2815210046060759
PLAGL1,0.9372103390365937,0.9999999999999999,0.6008363375221432,0.2586539617678284,0.0,0.3868176581040076,0.013425924142701051,0.2233108815456758,0.2277055586664487,0.492382990683944,0.19607930718564126,0.16430677280433303,0.1386899811387925,0.9075113826246523,0.34028044839349836,0.2918779531579645,0.4326281279673819,0.8368492585351605,0.9884439229299976,0.7939564090988181
POU2F2,0.8793791736124227,0.9999999999999999,0.6071772546599389,0.7044291188895967,0.39445628572796587,0.5245334347015153,0.43466959139439554,0.3883022425277496,0.14993143534224462,0.029311361393187685,0.0,0.07302621380439456,0.1353153066751709,0.009608842904430759,0.28648401529591005,0.15404975465869342,0.552082147436101,0.24070130329761363,0.12398702844517329,0.23442533237459418
POU2F3,1.0,0.9443982501979635,0.5809744659528475,0.3420112973351567,0.0,0.16461709609082603,0.3428604944055645,0.6032774608456826,0.1471167933011645,0.32720771685591915,0.22508197526139578,0.24260655144909732,0.4795711389378055,0.073339246899156,0.19960550768367685,0.365108834330877,0.35160513417937794,0.3410497305209987,0.5161917113575285,0.24701094534881535
POU5F1,0.6938709087671219,0.9999999999999999,0.9509301973064038,0.5149383497664627,0.15934288789498374,0.3648309303563706,0.43688433823296247,0.4172940912562415,0.2618321264948076,0.0,0.12423035828054119,0.24475344384552744,0.20067704438241651,0.2771170282045625,0.12921703664452844,0.17084925655667405,0.30402104208312086,0.5114810705079945,0.5384949308350618,0.9333665845722804
PPARA,0.0,0.2547215312322265,0.05993726491976081,0.6086638268294094,0.909569196258348,0.736241719995094,0.5977674676608508,0.3192990666163821,0.49713112469313325,0.5629505996802083,0.4790397057356951,1.0,0.7658843039237603,0.20174194374736276,0.294213260689017,0.19308854761396754,0.27860975118242093,0.7124749244913983,0.5100089539162159,0.3789258256668774
PPARD,0.43289818315914386,0.48011805216807235,0.3462506813032231,0.17845388392163564,0.019650829214469923,0.1296632014244381,0.0,0.055262397321441004,0.26046549312709133,0.6011477943260606,0.8977413421036593,1.0,0.8308599222160384,0.5785633873100613,0.591494299965426,0.906452042623334,0.2579852822711848,0.730765670460916,0.560573633976643,0.6094744091990398
PPARG,0.7228229279763585,0.8130802466847704,0.5421192487833432,0.4196913249817025,0.12099973545327014,0.39794578500935096,0.32277148530351163,0.4275227153672182,0.34714806816773447,0.47995139076706383,0.31869253948797127,0.0,0.6348255891074766,0.5558164627092559,0.3730132537013071,1.0,0.42439499255726976,0.9969398884943188,0.9630156470905771,0.9917649950506009
PRDM1,0.6183183509236139,0.6023313503627599,0.8970743371535341,0.3548109422360091,0.19213542069477046,0.3153792766336256,0.04470114067900105,0.16249888244357308,0.3877088713266205,0.6899312526928458,0.4522034425663463,0.8006770682766218,0.0,0.539429341719583,0.3090854843707433,0.3701418093381253,0.5143843015497687,0.6765951488775315,0.6206983442484146,1.0
PROX1,0.474583572156841,0.41701488369616113,0.6143251100466864,1.0,0.40280474918806997,0.37410061873962963,0.4130658005504735,0.5316527398972117,0.6877073474276427,0.813021281857158,0.02326408513387701,0.0,0.6933622798038712,0.6927565865187355,0.19006115553247405,0.15879598963855002,0.27900963443126203,0.1443972202593582,0.6486834326684829,0.4886748903520042
PRRX1,0.29117194924629564,0.0,1.0,0.2857359066427356,0.9436395220268834,0.6145464658708675,0.5532612630962106,0.6286464419391049,0.7940729333350931,0.5831689465107952,0.9069357747658169,0.3519008575780662,0.8369021768318647,0.5878880426322559,0.6057443147845463,0.7470380131440917,0.7399559961154931,0.44844351296737384,0.37732559190422776,0.38613271713576247
PRRX2,0.0,0.24692609652023256,0.24154952008151276,0.26385283398223935,0.22915407270515342,0.4081391732741966,0.6258417084803345,0.5116028922714926,0.3152229121937916,0.1843225757201048,0.46710658684050443,0.3227502902150854,0.32602216980013843,0.04479782990814618,0.26749914183389134,0.15451211730156766,1.0,0.3057566266728994,0.3987399353567025,0.3013844212671324
RARA,0.4419626133935216,0.5149808391069876,0.9999999999999999,0.8239743628400634,0.7511919741190546,0.42863865818553337,0.8731736371753916,0.5892004972812931,0.9093834417345456,0.6018109649175586,0.7149779171978917,0.6023096149865262,0.6014661770713384,0.5493270337716055,0.8332927485553095,0.5557773918100518,0.4529061605961765,0.5957559194910896,0.0,0.5188827875242558
RARB,0.8054617692441832,0.9973189202657156,0.831283593654135,0.7319536977856418,0.6628526680695936,0.8768027248048349,0.4075867805751585,0.7269803686390099,0.4465067032837051,0.2512500063415384,0.5507300129620385,0.0050596491269701005,0.023418204115519092,0.13132523622388148,0.5523053878601385,0.0,0.66478771866055,0.5399398714934327,1.0,0.4105033615938092
RBPJ,0.8720093531942198,0.5014616390486165,0.4444869925913172,0.803990742081992,0.8647071224035282,1.0,0.5485921583214407,0.6495858897008825,0.5915248364768472,0.08636564017124415,0.2636742570672518,0.13410355578569366,0.0,0.31963990333968517,0.4280601339347173,0.20962751178992922,0.6243424236443346,0.39439284669163166,0.9170400177906347,0.42888824696782224
REL,0.45927532021932294,0.31597394416871794,0.3588598082257417,0.3283799857308791,0.212285253377126,0.26810459010486065,0.0,0.022177546208848264,0.19093944948202646,0.11060017444266546,0.24184425827553913,0.39504563173437246,0.1993746626159334,1.0,0.579690143553568,0.3212927836361241,0.2037609808797458,0.08524115058821646,0.25617231285773334,0.4183680181426559
RELA,0.7263316611152133,0.6758580044934837,0.7556251439229569,0.4894888996471929,0.21284906244912838,0.011708524818618615,0.42470454361901,0.2882796063247606,0.35127500041468207,0.608768869778773,0.6835462761005684,0.6733881044875059,0.8323621043988294,0.836958530592324,0.9517347161777758,1.0,0.4630414990914842,0.23217543757149528,0.0,0.6038090931649638
RELB,0.39601770071093634,0.2692917096862958,0.376877794258324,0.16717840465689904,0.42482657639749755,0.28290319882461834,0.4825335297853487,0.20752546766940816,0.3144928569812252,0.9999999999999999,0.4020369585996929,0.9290164783425111,0.9632529906735064,0.8741766695325554,0.3807430567135469,0.846840246023811,0.0,0.6332222917676261,0.1233872558110436,0.5232198834169132
RFX4,0.13178884454711604,0.0,0.3761898311419656,0.21859829484275783,0.34678654684326893,0.39452632995952186,0.4043352293287794,0.3400673136997715,0.43693741657761576,0.5823173029371451,1.0,0.8255661903245446,0.5054337966871597,0.3249112981023805,0.3196838017315504,0.22311712117943439,0.5522989538605156,0.491208728527202,0.2127065891320552,0.3983926650345555
RORA,0.0,0.18081220546066223,0.034060360842611326,0.25798116526054893,0.020507053985299728,0.2207401272638394,0.013213032836666638,0.14769708629213363,0.19168444085237413,0.5404299400882072,0.4397772843825273,1.0,0.746981332692371,0.26229015010078827,0.4346428868358424,0.3888477051549165,0.3335699720103179,0.7138336778305253,0.5439077295512508,0.1787606309252886
RORB,0.3433048060069337,0.23348128202010854,0.15194304021702942,0.4498923531574682,0.02959846556118051,0.13794452940959512,0.018555732378988776,0.022483034848643335,0.05472115885513518,0.5704041214081506,0.4604822612771614,1.0,0.0,0.372782250569331,0.30642192886341035,0.22116077368247233,0.4499205141299921,0.5227256372963986,0.5985391766196849,0.48027140366479093
RUNX1,0.19632693629428682,0.45386924551528124,0.057942448121751144,0.2779114023464157,0.3460885092132841,0.5883926435217259,0.5883452622926446,0.5654025626618258,0.5101477337593161,0.6239365237029721,0.409548689640931,0.0,0.7022265301695048,0.8119927415431754,0.2800312233870022,1.0,0.25409726542126027,0.6144374165314752,0.3491231165163143,0.6875663300017463
RUNX2,0.6047179854810806,0.5602017085709149,0.6401317500881895,0.32586772254834184,0.1761615657358543,0.5985053111297814,0.45442970575490904,1.0,0.5226910395859757,0.22947748216217123,0.2000804177193728,0.0,0.14531328453012737,0.40340549402147874,0.48018548870691535,0.8143330373398266,0.5134310156142089,0.4878646403101897,0.6787876164607064,0.6184553333395401
RUNX3,0.37990252035543515,0.5631967122393343,0.3133968703087403,0.41181729881736495,0.27355317381278366,0.9999999999999999,0.41309627861591514,0.5328031324528115,0.30966717808879396,0.09241817556611187,0.4286770089201376,0.08373624484526287,0.14140919776622518,0.0,0.12108359095661536,0.14191849128105782,0.6673152580135052,0.47349251381271107,0.5130711740898749,0.4830810201943416
SMAD3,0.0,0.21543617656996544,0.012302088828764934,0.23940444823851242,0.2848929660726401,0.432679258989015,0.3049258291015388,0.35622755764853836,0.40536551515885816,0.7812659996383289,0.4784648499566225,0.5572142886466613,0.9728156319804977,0.6855448808385023,0.2737967319914975,1.0,0.5373690624208545,0.7114653130338466,0.2938210819658746,0.4699488039220449
SNAI3,0.42359155705480167,1.0,0.2729807542476741,0.8820626402321761,0.045691580792564856,0.6629918838210804,0.2849321433360815,0.39166467562087537,0.2974388377711722,0.0,0.361817754702049,0.23904946904623048,0.23563902086134958,0.14333268049418035,0.3798660997878498,0.3542931024444075,0.8251334501420355,0.2697471207761293,0.10440098071004655,0.637078333439101
SOX10,0.005699423200204473,0.06267709908037707,0.03381854673494862,0.3661514890036973,0.7767226890356025,1.0,0.6377196346414623,0.5653119250529774,0.6472666437408888,0.07069569117526904,0.17461467326643115,0.03671317391975938,0.042371784456561215,0.059503451023409246,0.2931943315243365,0.0,0.5832070626316074,0.08232504129220512,0.3332301956301369,0.20432392426885992
SOX11,0.7459595740993712,0.25534732343843625,1.0,0.7085333611589792,0.9758523346808712,0.325381582411127,0.6804732884426961,0.8156804988758863,0.7894682451292336,0.4076680894602003,0.7211808139533882,0.7663654817062899,0.5531707582327536,0.3439321278866563,0.8671034586814401,0.3005136039536136,0.4733602592457884,0.0,0.07383650430682098,0.07820857546472215
SOX18,0.5787149333690764,0.6538828709513342,0.5817324283556042,0.8204583471642222,0.5265194356121814,0.4098498654655405,1.0,0.5573534524988155,0.41297509994400006,0.1884428532950737,0.6530116870563669,0.4842711541763185,0.8767153400451821,0.13176949481950273,0.5241875378139504,0.4436728153255147,0.7382566755583175,0.2213880770594141,0.0,0.17147046103630648
SOX4,0.9753411911563679,0.5938374559082213,1.0,0.8480953619214524,0.8479000596764006,0.6979889750979522,0.43421829008146906,0.4611988057844052,0.609162407828947,0.2837110821079938,0.26667032724387296,0.5301902907090419,0.35505097674496033,0.44886772426127397,0.5473104578658439,0.28582965115689596,0.6974760903374202,0.0,0.20505788208198938,0.3127081566970583
SOX5,0.5959302409603602,0.47500689372089355,0.8115328269387769,0.7350608738182769,0.7890467576680054,1.0000000000000002,0.7977400484777324,0.9804097141253452,0.7875152531158409,0.41234752404253094,0.336463386364553,0.44284553623298795,0.2755610676137852,0.16598185244263708,0.5232616693801357,0.0,0.47987836277166207,0.652419676005566,0.44737292425060904,0.3994495776573952
SOX6,0.0,0.08118067120727013,0.1314773863391886,0.6781383902353958,0.6080130199305543,1.0,0.3971619785913113,0.5540992580403731,0.6005301887490707,0.25177339799117815,0.32660406316741,0.31552649072954486,0.11233881830956027,0.23110758436706813,0.43731183808317764,0.14861145463384084,0.7189588552104024,0.4421011043860864,0.36419085241661475,0.22403291880991516
SPI1,0.19918783447094268,0.6090447582014483,0.23064042657820927,0.6566578380611031,0.0,0.35270855441147775,0.26093174413069475,0.2831933193013737,0.16747173693856288,0.19988331601879683,0.2704068094623354,0.6101953498977816,0.3585057559361443,0.12800467763592271,0.3063609451087529,0.2484245151084442,0.6823998896849978,0.5208029680693428,0.3695857349735946,1.0
SREBF1,0.5315606057380768,1.0,0.7408949496637898,0.5269207857082436,0.615648360290828,0.5478786692970035,0.4259210793588186,0.0,0.608313884254855,0.4702078641602865,0.7662109415894514,0.7496666956594837,0.6677567074691795,0.6364052059471281,0.8521461289882635,0.43047807013610484,0.6033223185887162,0.3691800115137549,0.4819001284313602,0.5642353733324246
ST18,1.0,0.8814122294156246,0.539806350010566,0.5202991452513321,0.11475243678790817,0.5907519886156644,0.08331129417350952,0.1557038147205775,0.11083310137675015,0.2439922541864983,0.18542082477181968,0.30157375153318866,0.0,0.20734228873300328,0.21203818531151977,0.07849208788804335,0.27230479088382586,0.29629056530830344,0.699719324017069,0.4011627169205787
STAT1,0.6147243328090064,0.4974473898294005,0.7717226405147457,0.0,0.7407251321780475,0.9602172616912497,0.7330519893614791,0.8032320600455831,0.636407913400113,0.7040010406871207,0.4668219023034368,1.0000000000000004,0.4964521180418737,0.7226442981509034,0.924509859689016,0.7424772851347474,0.17463842364040794,0.7510133241107733,0.7806555991627584,0.7910844427573993
STAT2,0.3860951849012647,0.0,0.44198768167859404,0.16799883324136988,0.39482439119772106,0.6302854772788452,0.41520588004104153,0.4179675994234934,0.5523339595233591,0.9999999999999999,0.5932049583616167,0.8997940617305064,0.6225169269234992,0.5047855645996296,0.7236839191656538,0.681114832612245,0.26083307448950854,0.4141274704894843,0.29062589786150217,0.5540970020909907
STAT4,0.509469863957691,0.6253008791166498,0.42316714070498374,0.33271226933921283,0.0740503217524573,0.8528210601911893,0.4473247283586542,0.9999999999999999,0.25064519186428946,0.03293375110463137,0.04801603153453604,0.0,0.13530120891211417,0.2313389438378597,0.36322026823624454,0.34639450202840827,0.2859169477404542,0.6016323562913285,0.9265943158347015,0.43712033119986915
STAT5A,0.14710520296680274,0.4094892897833382,0.17265150401778873,0.5342610165383674,0.29181241454646645,0.8566962545234698,0.46804605142931144,0.33753159890187057,0.5221770320988981,0.3103664829776427,0.1247519561567545,0.5497961789535382,0.5908038469096377,0.18805161041571306,0.23620199044986134,0.0,1.0,0.03303381857662391,0.09734308250704204,0.4137436965283996
STAT6,0.16291354079307752,0.09501945510084187,0.2504847572935527,0.12203404244063787,0.9883118738639074,0.33840962131812,0.928156822033507,0.5372243629615696,0.6961085152009658,1.0,0.5929532410793583,0.9466870562824821,0.5437150254205796,0.725332177018233,0.698934349993372,0.4610768988261087,0.5642877910896678,0.7011410409708438,0.0,0.5939576090044181
TAL1,0.6218427182230364,0.8816257870605628,0.5697621641474189,0.8845213190826566,0.3418285706706589,0.26967235729674194,0.46186497396873566,0.3575298652696471,0.3430993185012328,0.05878645400742705,0.3310396597044731,0.034938820191657116,0.1793334307263354,0.0,0.3469399870623682,0.11994089536053781,0.9999999999999998,0.47353011197816924,0.4333682330358885,0.5868284360957825
TBX18,0.8182370152263467,0.9482859418554119,0.39264087730300684,0.22572086466356417,0.009716041358103583,0.21219289375398942,0.08639478187153438,0.21412267897113124,0.15145400328974917,0.010200843018539463,0.04257632196384112,0.11221404206692859,0.0,0.2894210551529232,0.18882868878765607,0.12082834471603682,0.22135009492967034,0.445041774276891,1.0,0.45564220334343736
TBX19,0.8939895289571373,1.0,0.8397419009835341,0.5475050677394968,0.020813520210835046,0.6959075938377632,0.31654711669872304,0.6655334586050479,0.4929782067289348,0.08468227994545052,0.05835482833439731,0.0,0.5268412479963256,0.47329960643865987,0.48603436987590776,0.67958445175279,0.3678927493931634,0.4663828658770224,0.9836370717480452,0.5435277263115075
TBX21,0.2475968127527925,0.33606607776950886,0.3920959277303497,0.6405944640026167,0.486387075454128,0.7914050088160629,0.6501141104903758,0.6026755194141551,0.6224953734964203,0.09430660657483086,0.17512997599774943,0.0,0.12154392877772313,0.01898984747248811,0.3968828072300063,0.07852916850895691,1.0000000000000002,0.17453298060419437,0.28138450094082307,0.2703739236016632
TBX3,0.8292390228711747,0.9999999999999999,0.8641759017805387,0.2934239533903914,0.10429043473216326,0.3228385371343466,0.13608139359760946,0.13262814300344855,0.2841063491841156,0.0,0.11483332200259211,0.10622951817323234,0.01610373974194601,0.13191364076268391,0.20663136907678842,0.16468133612868585,0.5093678055519489,0.3341853759334976,0.6039346188192549,0.45566798295766653
TCF7L1,0.14604037185034502,0.4635860929615555,0.18795537181337674,0.4288024081093166,0.9999999999999999,0.9206023651648244,0.6419880521168874,0.6077702627740628,0.5167051212332797,0.37782766954676517,0.5926994407015841,0.3832374698760622,0.08044268883260786,0.012768204074609102,0.16427555327667054,0.0,0.7707345890545719,0.3733435196728826,0.41919000874398515,0.31286167798846265
TCF7L2,0.21843438150688932,0.11383441656521465,0.20257128938647306,0.3619379373314192,0.4574582703820803,1.0,0.35647405861715387,0.24121690453468492,0.23197264686394703,0.30156518227198614,0.47264861278922166,0.38354568435955827,0.5047581391980359,0.2716973822973122,0.0,0.29431795790334514,0.44984043638405746,0.48278108251623475,0.5694735974732711,0.45913259262223993
TEAD4,1.0,0.991728495468458,0.6451480366755047,0.8250600356559914,0.0,0.4379020356975376,0.5680643880146969,0.7777268174486864,0.4709161124669474,0.2661954695906992,0.5275302353564415,0.22741711690856303,0.934101087155913,0.10339538246079394,0.44430412704342315,0.7554955213087295,0.9129448100549418,0.5701723755337045,0.8524587027706652,0.4484486677827815
TET1,1.0,0.7748796013039552,0.9846901986971344,0.23702749273232948,0.06688574480039766,0.18128804427219847,0.20082962578814367,0.12091624975839976,0.0,0.32388717572919723,0.22175940748826695,0.4765050506910844,0.2785084337616188,0.05373515282709462,0.13864747182150294,0.09762785162121235,0.09394629718623992,0.4575079273080662,0.7491913772761447,0.514349366106378
TET3,0.5134466439267147,0.49290494535943186,0.8200262387030266,0.48544686214002164,0.383372820313133,0.38962304666478564,0.3928251290482274,0.6935449417196762,0.2802464401383751,0.2724499534164275,0.18036465099285603,0.41160484563680866,0.0,0.5195434642634944,0.343632385048422,0.16610730296095166,0.39898271686487385,0.2425752854670984,1.0000000000000004,0.5507101543707904
TFCP2L1,0.3541833138536039,0.7505276006918972,0.1607840929498154,0.19835672918103722,0.0,0.13854595962381314,0.22317534829252036,0.30596273779200334,0.0812286839643849,0.6348836049364366,0.572876492090536,0.9999999999999999,0.4737122096048544,0.11288290174654528,0.12456437215770308,0.2768083584912412,0.1949775060563577,0.7606595813924327,0.6301104941007348,0.3785115835362559
TFDP2,0.7283264018846686,0.48803054422510306,0.566764519481653,0.9999999999999999,0.38011759848778237,0.6976907400092031,0.04533541576103761,0.26812443281108655,0.47415902645954067,0.06642567457545967,0.0,0.05094225293245602,0.038420541998547164,0.0517623447179264,0.11795773306282231,0.05627643444798758,0.6314837688455529,0.11683870514629169,0.4589413021200922,0.2182619394024069
TGIF2,0.0,0.045645151500933845,0.7131242408234202,0.5834797738421493,0.4769026288996747,0.3878594888779081,0.3362513338263381,0.2675040744158459,0.4748303941771781,0.5747453837368248,0.5289081447885062,0.7796805884786315,1.0,0.5020643510424145,0.4317534698027802,0.4206454055693635,0.8022322520298169,0.36693077537975705,0.11143889044530797,0.7346591749712232
THRB,0.5299070488706681,0.5253225539158937,0.32030649309132864,0.5904641425177708,0.551267492227657,0.6491945438331577,0.3056585981158364,0.6164672932262563,0.4933403209786613,0.6143106772516842,0.4504915358056496,0.4935276441026262,0.043684023913907355,0.39699908545054585,0.8272340150076358,0.5626759499627569,0.4462308923381886,0.6725715990459524,1.0,0.0
TRPS1,0.0,0.022673964492683885,0.0361092264932148,0.6259669834851803,0.7585345123504533,0.6664635269457123,0.7794726240720243,0.8700119064302255,0.8162074751751994,0.8113398021768833,0.7669326976145451,0.9303463857199609,0.7900499970826479,0.6054703329142966,0.9535186565145356,0.6085802943014841,0.7113341556915044,0.9487971235769753,0.9999999999999999,0.6575491859936778
TWIST1,0.48444996751238417,0.4677272327890229,0.27248110338017345,0.6108826152266875,0.5262246277192884,0.46440104077371896,0.8121917583915215,1.0,0.7625235310426546,0.22747654933420464,0.4344111490059768,0.0,0.5025109261193781,0.5917937434771858,0.7331902748537686,0.6622322827307194,0.5860424248669447,0.5026702413955271,0.7872562394533196,0.36201990852826255
TWIST2,0.45096975968663244,0.9039464427981196,0.3098728084352401,0.4422681628456706,0.08390794211845348,0.984388378691254,0.33787903986359447,0.636042438672543,0.22988373069374823,0.32291536908203067,0.27058971970518764,0.0,1.0,0.29008065427788743,0.23036077111542053,0.7761114783976848,0.3688184516898091,0.4222447985385456,0.550825421430369,0.27053684345426265
VDR,0.3331285576392389,1.0000000000000002,0.23341092958140686,0.4627514119765008,0.0,0.43511268384269775,0.4779161897874902,0.5801077997110851,0.2289133354381505,0.33082032038809484,0.12044880539564307,0.23675859895146734,0.4431247932273119,0.24232080233712971,0.30274006234174666,0.5370303103536547,0.6153235394284293,0.6010296317883148,0.6868018830991773,0.6887774418988646
XBP1,0.09346454015225425,0.08333275822962305,0.0,0.1761672802891976,0.6693800226298876,0.580382761877626,0.6673344164234973,0.4307018069638846,0.47874640697288173,0.680847880874871,0.43543167437499686,1.0000000000000002,0.9148496956636194,0.8031575967892268,0.4535714080274136,0.737382107687234,0.07164492792122812,0.476379265264651,0.14207590770852474,0.5521431203954963
ZBTB2,0.8451630689557117,0.5462611856224542,1.0,0.41950561312880996,0.5327907127882576,0.4552159491540504,0.28849811842671125,0.42942556434157986,0.639787335081929,0.9344678456156674,0.5239246209034447,0.18119199728612112,0.0,0.8058788714534741,0.879412686147433,0.5130927966364949,0.3474903199986372,0.25300493035927274,0.44975911558542925,0.6476114768016905
ZBTB7B,0.07194657265496174,0.2939667054980697,0.5479182567599665,0.9999999999999998,0.2820516843885239,0.0,0.3455428676701391,0.04430758113177746,0.5777127202439412,0.2952657296211647,0.8372707291733461,0.48546183049678127,0.9135247516546865,0.5576217682744666,0.8930551410871839,0.8318744091804879,0.3781551973728632,0.23878776794158463,0.20010096491599438,0.46976906630322834
