,AHR,AR,ARID3A,ARID5B,ARX,ASCL1,ASCL2,ATF1,ATF3,BACH1,BACH2,BATF,BCL11A,BCL11B,BCL6,BHLHE40,BHLHE41,CEBPA,CEBPB,CEBPD,CREB5,CREM,CUX2,DDIT3,DMRT2,DPF3,EBF1,EBF2,EBF3,EGR1,EGR2,EGR3,EHF,ELF1,ELF4,EMX2,EOMES,EPAS1,ERG,ESR1,ESR2,ESRRB,ESRRG,ETS1,ETS2,ETV1,ETV5,ETV6,FLI1,FOS,FOSB,FOSL1,FOSL2,FOXB1,FOXC1,FOXO1,FOXP1,FOXP2,GATA3,GATA4,GFI1,GLI2,GLI3,GLIS1,GMEB1,GRHL2,HES1,HES5,HES6,HESX1,HEY2,HEYL,HHEX,HIF1A,HLX,HMGA2,HNF4G,HOXD1,HSF1,IKZF1,IKZF2,IKZF3,IRF1,IRF4,IRF5,IRF7,IRF8,JUN,JUNB,JUND,KLF12,KLF13,KLF2,KLF4,KLF5,LEF1,LYL1,MAF,MAFB,MAFF,MAFK,MEF2A,MEF2C,MEIS1,MEOX2,MITF,MXI1,MYBL1,MYC,MYT1L,NFATC1,NFATC2,NFIA,NFIL3,NFKB1,NFKB2,NKX6-2,NPAS2,NR1D1,NR1I2,NR2F2,NR3C2,NR4A1,NR4A2,NR4A3,NR5A2,OLIG1,PAX2,PAX3,PAX5,PBX1,PBX3,PBX4,PGR,PKNOX2,PLAGL1,POU2F2,POU2F3,POU5F1,PPARA,PPARD,PPARG,PRDM1,PROX1,PRRX1,PRRX2,RARA,RARB,RBPJ,REL,RELA,RELB,RFX4,RORA,RORB,RUNX1,RUNX2,RUNX3,SMAD3,SNAI3,SOX10,SOX11,SOX18,SOX4,SOX5,SOX6,SPI1,SREBF1,ST18,STAT1,STAT2,STAT4,STAT5A,STAT6,TAL1,TBX18,TBX19,TBX21,TBX3,TCF7L1,TCF7L2,TEAD4,TET1,TET3,TFCP2L1,TFDP2,TGIF2,THRB,TRPS1,TWIST1,TWIST2,VDR,XBP1,ZBTB2,ZBTB7B
Topic_0,9.542609581138698e-08,0.0,2.7260119371748384e-06,1.130038214022103e-06,0.0,0.0,0.0,5.901838274444198e-07,0.0,0.0,8.850907405353567e-07,0.0,1.072341665584611e-05,0.0,0.0,0.0,0.0,0.0,0.0,0.0,3.062213430087099e-09,9.969086543492615e-07,0.0011389315089753668,0.0,0.0,1.8802266736383036e-09,0.0,0.0,0.0,0.0,0.0,2.321062513219968e-06,0.0,0.0,0.0,0.0,0.0,0.0,0.0,0.0,0.0,0.0,1.8486223817992994e-05,0.0,6.230144176922227e-06,0.0,0.0,1.3921830587376405e-07,0.0,0.0,0.0,0.0,1.9462323909488942e-06,0.0,0.0,0.0,0.016572507751430775,6.979337471753824e-07,0.0,0.0,0.0,0.0,0.0,1.4686041073438871e-05,0.0,0.0,0.0,0.0,0.0,0.0,0.0,0.0,0.0,2.3048300864014475e-09,0.0,0.0,0.0,0.0,0.0,0.0,0.0,0.0,0.0,0.0,0.0,0.0,0.0,0.0,1.3918260865097516e-06,0.0,4.083798682318766e-07,0.0,0.0,0.0,0.0,0.0,0.0,0.0,0.0,0.0,0.0,1.677591356742856e-05,0.02127812954615026,0.0,0.0,0.0,4.7526936024117405e-07,0.0,0.0,0.45843756723295265,0.0,0.0,1.270021809758198e-07,0.0,5.482623593835851e-07,0.0,0.0,2.088785297645665e-06,0.0,0.0,0.0,1.557505221404766e-05,1.1345445310805697e-05,0.0,0.0,0.0,0.0,0.0,0.0,0.0,5.228296721497737e-07,0.0,0.0,0.0,2.873890985252536e-06,0.0,2.4013403846632486e-06,0.0,0.0,0.0,0.0,0.0,0.0,0.0,0.0,0.0,0.0,0.0,1.3360583674963125e-07,0.0,0.0,0.0,0.0,8.74751994707021e-07,2.388596362911361e-07,0.0,0.0,0.0,0.09304230583543148,0.0,0.0,0.0,0.0,0.0,1.1190839638637461e-06,0.0,0.0,0.0,0.0,3.138461994688856e-08,3.636213233672773e-07,0.20703906843576597,0.0,0.0,0.0,0.0,0.0,0.0,0.0,0.0,5.33904294798865e-08,0.0,0.0,8.106750324809577e-08,0.0,6.9070110171126526e-06,0.0,0.20236510179274764,3.787340756863427e-07,0.0,0.0,0.0,0.0,0.0,0.0
Topic_1,0.0,0.0,0.0,0.00018025723886681166,0.0,0.0,0.0,0.0,0.0,0.00012738402666845032,0.000725698743673569,0.0,0.0,0.0,0.00015569003760123053,0.0,0.0,0.0,0.0,0.0,0.0023725581575011435,0.0,0.0,0.0,0.0,1.4609410639419282e-05,0.0,0.0,0.0,0.0,0.0,0.0,0.0,0.0009100579274398482,0.0,0.0,0.0,0.0,0.0,0.0,0.0,0.0,0.0007811274494169486,0.0,0.0,0.0037876642479223667,0.0,0.001239331252217495,0.0,0.0,0.0,0.0,0.0,0.0,0.0,0.00024539369695821754,0.001023319103928699,0.017074787603519027,0.0,0.0,0.0,0.0,0.0,0.0,0.0,0.0,0.0,0.0,5.6315333147785514e-05,0.0,0.0,0.0,0.0,2.5313785475163752e-05,0.0,0.0,0.0,0.0,0.0,0.0,0.0,0.0,0.0,0.0,0.0,0.0,0.0,0.0,0.0,0.006094751138774352,0.04996457890141981,0.0011039354420029545,0.0,0.0,0.0,0.0,0.0,0.0,0.0,0.0,0.0,0.0018007661311618857,0.0012197010407392647,0.005705490656092861,0.0,9.203044837428345e-05,0.007359550310528351,0.0,0.0,0.0008431079757478588,0.0,0.0,0.004741565479535417,0.0,6.6407580067485e-05,0.0,0.0,0.0,0.0,0.0,0.0,0.0,0.0,0.0,0.0,0.0,0.0002688931017481401,0.0,0.0,0.0,0.005218242164227728,0.0002881066983218936,0.0,0.0,0.0020312674330433935,0.0,0.0,0.0,0.0,0.0,0.0,0.0,0.0,0.0,0.0,0.0,0.0,0.4482965921362324,0.004346857856633521,0.0,0.0,0.0,0.0,0.0006177494831955539,0.0,0.0,0.0,0.0,0.0,0.0,0.01363791929759534,0.22823442751518133,0.0,0.0511855855712922,0.005567800504352745,0.061831497833171975,0.0,0.0,0.001157390796421417,0.0,0.000452099808532169,0.0,0.0,0.0,0.0,0.0,0.0,0.0,0.0,0.0009967407355186554,0.001084910329740784,0.0,0.0,8.998507256334153e-08,0.0,0.06608410063441207,0.0,0.0,0.0005994784203395585,0.0,0.0,0.0,0.0,0.0,0.0
Topic_2,0.0,0.0,0.0,0.0,0.0,0.0,0.0,0.0,0.0,0.00013934534894102262,0.06335276580961509,0.0,0.0,0.0,0.0,0.0,0.0,0.0,0.0,0.0,0.0015880969181176052,0.0,0.0,0.0,0.0,0.0,0.0,0.0,0.0,0.0,0.0,0.0,0.0,0.021770586109029082,0.0,0.0,0.0,0.0,0.0,0.0,0.0,0.0,0.0,0.0,0.0,0.0,0.0,0.0,0.0,0.0,0.0,0.0,0.0,0.0,0.0,0.0,0.0,0.0,0.0,0.0,0.0,0.0,0.0,0.0,0.0,0.0,0.0,0.0,0.0,0.0,0.0,0.0,0.0,6.471461572418597e-06,0.0,0.0,0.0,0.0,0.0,0.0,0.0,0.0,0.0,0.0,0.0,0.0,0.0,0.0,0.0,0.0,0.002293748550642484,0.0,0.0,0.0,0.0,0.0,0.0,0.0,0.0,0.0,0.0,0.00016432785406748338,0.0,0.0,0.0,0.0,0.0,0.0,0.0,0.0,0.0,0.0,0.0035298966676461643,0.0,0.0,0.0,0.0,0.0,0.0,0.0,0.0,0.0,0.0,0.0,0.0,0.0,0.0009677823413567137,0.0,0.0,0.0,0.3578865069715596,0.0,0.0,0.0,0.0026923550117984563,0.0,0.0,0.0,0.0,0.0,0.0,0.0,0.0,0.0,0.0,0.0,0.0,0.02841230809121714,0.12499976202227162,0.0,0.0,0.0,0.0,0.0,0.0,0.0,0.0,0.0,0.0,0.0,0.21851124142765324,0.0,0.0,0.06872419096522023,0.02355698816309722,0.052387297662438985,0.0,0.0,0.004969816654035343,0.0,0.0004013774870906384,0.0,0.0,0.0,0.0,0.0,0.0,0.0,0.0,0.006554600612920189,0.008301845449554176,0.0,0.0,2.6790146600429483e-06,0.0,0.00836876919309282,0.0,0.0,0.0,0.0,0.0,0.0,0.0,0.0,0.0
Topic_3,0.0,0.0,0.0,0.0,0.0,0.0,0.0,0.0,0.0,0.0,0.0018340788482603284,0.0,0.0,0.0,0.10269282483591673,0.0,0.0,0.0,0.0,0.0,0.0002963951043242181,0.0,0.0,0.0,0.0,3.711655190570624e-05,0.0,0.0,0.0,0.0,0.0,0.0,0.0,0.0,0.0,0.702410654680179,0.0,0.0,0.0,0.0,0.0,0.0,0.005200539959093723,0.0,0.0,0.0,0.0,0.0,0.0,0.0031737653199791914,0.0,0.0,0.0,0.0,0.0,0.0030713398649895663,0.0014786403549415404,0.0,0.0,0.0,0.0,0.0,0.0004741052128256684,0.0,0.0,0.0,0.0,0.0,0.0,0.0,0.0,0.0,0.0,5.514055630662476e-05,0.0,0.0,0.0,0.0,0.0,0.0,0.0,0.0,0.0,0.0,0.0,0.0,0.0,0.0,0.0025042691539774466,0.0,9.911509420445227e-05,0.0,0.0,0.0,0.0,0.0,0.0,0.0,0.0,0.0,0.0,0.00025517077894232073,1.9185942559286287e-05,0.0,0.0,0.0,0.007073137817571325,0.0,0.0,0.0,0.0,0.0,0.005659104592904376,0.0,0.0,0.0,0.0,0.0,0.0,0.0,0.0,5.041576006453103e-05,0.0,0.0,0.0,0.0,0.0,0.0,0.0,0.0,0.0032922900246244737,0.0,0.0,0.0,0.0,0.0,0.0,0.0,0.0,0.005245291480762616,0.0,0.0,0.0,0.0,0.0,0.0,0.0,0.0,0.0007512919384910994,0.0,0.0,0.0,0.0004302582721327166,0.010887114556327864,0.005643610572963896,0.0,0.0,0.0,0.0,0.0,0.0,0.0,0.0,0.0,0.014349640430767323,0.010310498844205998,0.0,0.008194105221974175,0.009704908986894502,0.0,0.0,0.0,0.0,0.0,0.0,0.0,0.0,0.0,0.0,0.0,0.08782428540268761,0.0,0.0,0.0,0.0,0.0013800403060784323,0.0,0.0020184311397253765,0.003170308719484331,0.0,0.0,0.0,0.0,0.0,0.0
Topic_4,0.0,0.0,0.0,0.0023578268925848254,0.0,0.0,0.0,0.0,0.0,0.0,2.485504450542722e-06,0.0,0.0,0.0,0.0,0.0,0.0,0.0,0.0,0.0,2.1897985324088438e-08,0.0,0.0,0.0,0.0,1.5631657941511116e-10,0.0,0.0,0.0,0.0,0.0,0.0,0.0,0.009839686398384319,0.0,0.0,0.0,0.0,0.0,0.0,0.0,0.0,1.2694738297134484e-07,0.0,0.0,0.0,0.0,0.0,0.0,0.0,0.0,0.0,0.0,0.0,0.0,1.0571613423709376e-05,0.000138870102077323,0.0,0.0,0.0,0.0,0.0,0.0,0.0,0.0,0.0,0.0,0.0,0.0,0.0,0.0,0.0,0.0,0.0,0.0,0.0,0.0,0.0,0.0,0.0,1.080828476438793e-05,0.0,0.0,0.0,0.0,0.0,0.0,0.0,0.0,0.0,0.0,8.482508998537061e-05,0.0,0.0,0.0,0.0,0.0,0.0,0.0,0.0,0.0,2.88580079525388e-05,0.0,3.001559378310101e-08,0.0,7.314990636834236e-05,0.9837495309162884,0.0,0.0,0.0,0.0,0.0,2.498379908044956e-06,0.0,1.4638670682037435e-05,0.0,2.1623849652383524e-05,0.0,0.0,0.0,0.0,0.0,0.0,0.0,0.0,0.0,2.5540714594158747e-08,0.0,0.0,0.0,2.478106343524744e-07,5.291856468058945e-09,0.0,0.0,0.0,0.0,0.0,0.0,0.0,0.0,0.0,0.0,0.0,1.1853049729017775e-06,0.0,0.0,0.0,0.0,6.43561015793876e-06,0.0,0.0,0.0,0.0,0.0,0.0,0.0,0.0,0.0,0.0,0.0,5.825844519788705e-06,0.0,0.0,0.0,0.0,0.0,0.0,0.00010852188062049712,2.2757592188290222e-05,0.0,0.0035135439896875134,0.0,0.0,0.0,0.0,0.0,0.0,0.0,0.0,0.0,0.0,0.0,0.0,5.2822835065351384e-08,0.0,5.714630771717009e-06,0.0,0.0,6.714733826211157e-09,0.0,0.0,0.0,0.0,0.0,0.0
Topic_5,0.0,0.0,0.0,0.010655921071794116,0.0,0.0,0.0,0.0,0.0,0.06679586159110887,0.0,0.0,0.0,0.0,0.0,0.0,0.1597675448014624,0.0,7.99265901374799e-05,0.012334970885318215,0.0,0.000858107684952716,0.0,0.0,0.0,0.0,0.0,0.0,0.0,0.08501970617206198,0.0,0.0006667773753272121,0.0,0.0010156308877692845,0.0,0.0,0.0,0.0,0.0,0.0,0.0,0.0,0.0,0.0,0.0,0.0,0.06851532000246753,0.14061631008796882,0.0,0.0005643291888010168,0.0,0.0,0.0,0.0,0.0,0.0,0.0005009196477895847,0.001195842275077054,0.0,0.0,0.0,0.0,0.0,0.0,0.0,0.0,0.0,0.0,0.0,0.0,0.0,0.0,0.0,0.10147118563519109,0.0,0.0,0.0,0.0,0.0,0.0015017565951889224,0.0,0.0,0.0,0.0,0.0,0.0,0.0,0.0,0.0008028352007843337,0.0,0.0,0.0,0.0,0.0,0.0,0.0,0.0,0.0,5.978593429767997e-05,0.0,0.0,0.0,0.003460130245598455,0.0,0.0,0.007937181769259859,0.0,0.0,0.0,0.0,0.0,0.0,0.008737342980804233,0.0,0.00021945396292653185,0.0,0.0,0.0,0.0,0.0,0.0,0.0,0.0,0.0,0.0,0.0,0.0,0.0,0.0,0.0,0.0,0.08672013779283246,0.0,0.0,0.0,0.00248350513454651,0.0,0.0,0.0,0.0,9.520243630460043e-05,0.0,0.0,0.0,0.0,0.0,0.0,0.0,0.09623290918973434,0.005816246023456132,0.0,0.0,0.0,0.0,0.0,0.004002913802755926,0.00011656425855391115,0.0,0.0,0.0,0.0,0.0,0.0,0.0,0.0,0.0,0.0,0.0,0.0,0.008273888404746887,0.0,0.0,0.0,0.0,0.0,0.0,0.0,0.0,0.0,0.0,0.07262302081328566,0.0,0.0,7.293269969374394e-06,0.0,0.0,0.0,0.0,0.05060299536256609,0.0,0.0,0.0,0.0,0.0,0.0
Topic_6,8.220270850218663e-06,0.0,0.0,0.0032497313377656246,0.0,0.0,0.0,0.003980582853170435,0.0,0.0005976521217222613,0.13745732267673041,0.0,0.0,0.0,0.00039289142776707846,0.0,0.0,0.0,0.0,0.00029415867890833465,9.53747177719638e-05,0.0002135060403439008,0.0,0.0,0.0,3.609336477686879e-06,0.0,0.0,0.0,0.002198259413156876,0.0,0.0,0.0,0.006525548361074299,0.0,0.0,0.0,9.095999540872011e-05,0.0,0.0,0.00022545724386646232,0.0,0.0009273025444454619,0.0,0.0,0.000603703424198885,0.00012472347129204725,0.0039114416507202415,0.0,0.0018267144019796329,0.0,0.0,0.0,0.0,0.0,0.010220111797741174,0.01935884583046888,0.0,0.0,0.0,0.0,0.0,4.083418903838625e-05,0.0,0.0,0.0,0.0,0.0,0.0,0.0,0.0,0.0,0.0,0.00015887293653059673,0.0,0.0,0.0,0.0,0.0,0.0,0.007497001057849203,0.0,0.0,0.0,0.0,0.0,0.0,0.006982723773653505,0.0036433485373206786,0.03227941382431319,0.00025539721834316775,0.003278810655277736,0.0,0.0,0.0,0.0,0.0,0.0,0.0,0.0,0.0,0.059740673352162814,0.047282110067377724,0.0005967340671941452,0.0,0.0029615589636428448,0.0017816615498429543,0.0,0.0,0.006413673773408506,0.0,0.0,0.0021902702601420496,0.0,0.007597013015884263,0.0,0.0,0.021513220800404704,0.0,0.0,0.0,0.005853856029659623,0.0,0.0,0.0,0.0,1.0693705648421869e-05,0.0,0.0,0.0,0.001500665395715766,0.00026245887196750653,0.0,0.0,0.0014304239457382643,0.0,0.0,0.0,0.0,0.0001839323836016797,0.011090544560517205,0.0,0.0,3.504890705903749e-05,0.001989028266738648,0.0,0.0,0.0,0.004849129062135148,0.0,0.0,0.0,0.00019263138633889492,0.003923039863577857,0.00012826095985050425,0.003120772931389115,0.001905601176342481,0.0,0.001593784730400015,0.0,0.0,0.0,0.0,0.0021821692099523635,0.42721619670909,0.0004055554153580942,0.0,0.006748810399762238,0.0005883928844309554,0.0006770329297384593,0.007638746001397822,0.0,0.0,0.0,0.0,0.0,0.0,0.0,0.0,0.0001503523149550759,0.0007243577186797322,0.0,7.846489176665125e-06,2.130344252175137e-06,0.0,0.002425512018680442,0.0,0.07029124871195268,0.04577793809326229,0.0,0.0,0.0,0.0,0.0,0.0
Topic_7,0.0,0.0,0.0,3.6224023337533863e-09,0.0,2.60065767004714e-09,0.0,0.0,0.0,3.85614096688988e-07,1.343811122110704e-12,0.0,8.9526655269275e-13,0.0,0.0,0.0,0.0,0.0,0.0,0.0,2.0189816287258886e-07,0.0,0.0,0.0,0.0,2.1591902359657997e-11,0.0,0.0,0.0,0.0,0.0,0.0,0.0,2.8769560430242885e-05,0.0,0.0,0.0,0.0,0.0,0.0,0.0,0.0,5.104925228357263e-10,0.0,0.0,1.87012713987868e-07,1.3398450965585317e-07,5.231474120002007e-07,0.0,0.0,0.0,0.0,0.0,0.0,0.0,9.79224807894578e-07,1.0451227492378057e-08,0.0,0.0,0.0,0.0,1.8705885411809703e-09,1.121098610733842e-07,0.0,0.0,0.0,0.0,0.0,3.0089316659394097e-10,0.0,0.0,0.0,0.0,4.538668937519911e-09,0.0,0.0,3.451605865205151e-06,0.0,0.0,0.0,1.1139021080475923e-06,0.0,0.0,0.0,0.0,0.0,0.0,2.8042916939363262e-08,0.0,0.0,7.087255672386422e-14,0.0,0.0,0.0,0.0,0.0,0.0,0.0,0.0,0.0,0.0,2.365237405399393e-08,2.6415612414363173e-13,2.3822543880762122e-07,1.7658342199995134e-08,7.096973839637539e-08,0.0,0.0,0.0,0.0,0.0,0.0,2.2828487174313816e-08,0.0,7.998306331321697e-08,0.0,0.0,0.0,0.0,0.0,0.0,8.828817762694658e-10,0.0,0.0,0.0,0.0,3.219616037622758e-09,0.0,0.0,0.0,6.675111237869686e-10,2.92651211006135e-07,0.0,0.0,0.0,0.0,0.0,0.0,0.0,0.0,6.630723612101171e-06,0.0,0.0,8.001245631961924e-10,4.867535139719887e-08,0.0,0.0,0.0,9.43364350000477e-09,0.0,0.0,0.0,5.0224940872367314e-08,2.7284602080770836e-10,1.1254775864387509e-10,2.581999216274007e-07,0.0,0.0,0.0,0.0,0.0,4.3868426923006336e-14,0.0,1.0839038689332222e-10,2.869207144366445e-10,1.7527272903297224e-10,0.0,0.0,2.580222255923685e-10,1.7871970199914326e-07,5.5205393055489783e-08,0.0,0.0,0.0,0.0,0.0,0.0,0.0,0.0,0.0,4.018406804994322e-07,0.0,2.4468545969008875e-12,6.143571409916281e-14,0.0,4.165183641443447e-12,0.0,0.0,0.9999556933380462,0.0,0.0,0.0,0.0,0.0,0.0
Topic_8,0.0,0.0,0.0,1.9670272994148547e-07,0.0,0.0,0.0,0.0,0.0,0.0,4.737677004823862e-06,0.0,0.0,0.0,0.0,0.0,0.0,0.0,0.0,0.0,4.822345848083378e-07,0.0,0.0,0.0,0.0,2.9735323786764225e-08,0.0,0.0,0.0,0.0,0.0,0.0,0.0,1.0805496113619488e-05,0.0,0.0,0.0,0.0,0.0,0.0,0.0,0.0,1.0533723295440822e-07,0.0,0.0,0.0,0.0,0.0,0.0,0.0,0.0,0.0,0.0,0.0,0.0,5.862319660837955e-08,7.834157523674292e-07,0.0,0.0,0.0,0.0,0.0,0.0,0.0,0.0,0.0,0.0,0.0,0.0,0.0,0.0,0.0,0.0,0.0,0.0,0.0,0.0,0.0,0.0,0.0,1.1933737228404835e-06,0.0,0.0,0.0,0.0,0.0,0.0,0.0,0.0,0.0,0.0,2.4864622167480033e-06,0.0,0.0,0.0,0.0,0.0,0.0,0.0,0.0,0.0,5.71421591654031e-07,0.0,4.0862945710233494e-07,0.0,5.937131975190254e-07,1.6270275778875112e-06,0.0,0.0,0.0,0.0,0.0,3.2312134347626286e-07,0.0,1.5859132241035341e-06,0.0,3.1486425769230534e-06,0.0,0.0,0.0,0.0,0.0,0.0,0.0,0.0,0.0,4.1120258278821385e-08,0.0,0.0,0.0,3.1559959577715755e-07,6.125999893423836e-08,0.0,0.0,0.0,0.0,0.0,0.0,0.0,0.0,0.0,0.0,0.0,2.8415787823066434e-08,0.0,0.0,0.0,0.0,7.405261999015089e-07,0.0,0.0,0.0,0.0,0.0,0.0,0.0,0.0,0.0,0.0,0.0,2.1249372913197944e-06,0.0,0.0,0.0,0.0,0.0,0.0,1.6545107671865058e-06,0.999964829048245,0.0,8.236228466232637e-07,0.0,0.0,0.0,0.0,0.0,0.0,0.0,0.0,0.0,0.0,0.0,0.0,0.0,0.0,0.0,0.0,0.0,5.363378818093184e-08,0.0,0.0,0.0,0.0,0.0,0.0
Topic_9,0.0,1.6730216805258698e-06,0.0,0.0,0.0,0.0,0.0,0.0,0.0,2.621386412024184e-07,3.816755449091307e-06,0.0,0.0,0.0,0.0,0.0,0.0,0.0,0.0,3.7090517765181674e-07,5.96493837122056e-06,2.9343233588849164e-11,0.0,0.0,0.0,3.2545850045259066e-06,0.0,0.0,0.0,0.0,0.0,0.0,0.0,2.4835358795921606e-06,0.0,0.0,0.0,1.7701473369575956e-08,0.0,0.0,0.15382288793994844,0.0,3.797360105166162e-05,0.0,0.0,0.3574803814402312,4.183356817031102e-06,2.9997418310030577e-05,0.0,0.0,0.0,0.0,0.0,0.0,0.0,5.898633127341363e-06,0.0,0.0,0.0,0.0,0.0,8.67627040094271e-06,1.388577441745075e-05,0.0,0.0,0.0,0.0,0.0,0.0,0.0,0.0,0.0,0.0,3.7788940599771817e-07,0.0,0.0,6.194253613733568e-05,0.0,0.0,0.0,1.711636944321209e-07,0.0,0.0,0.0,0.0,0.0,0.0,4.975452378263724e-06,0.0,0.0,5.091091622022667e-06,0.0,0.0,0.0,0.0,0.0,0.0,0.0,0.0,0.0,0.0,0.0,0.0,0.01713052486588589,0.1293793171847975,2.3662973930573358e-11,0.0,0.0,0.0,0.0,0.0,0.0,0.20650480478297237,0.0,0.0,0.0,0.0,9.998521372959229e-07,0.0,0.0,0.0,1.0952894958045361e-07,0.0,0.0,0.0,0.0,2.651487511667506e-07,0.0,0.0,0.0,2.6857833114803867e-05,7.374290300873145e-06,0.0,0.0,0.0,0.0,0.0,0.0,0.0,0.0,0.0,0.0,0.0,4.451951099582425e-07,0.08464597800878079,0.0,0.0,0.0,3.091740118234376e-08,0.0,0.0,0.0,0.040123186207260166,0.01026814990094024,2.5339162350204724e-05,2.990800630444067e-07,0.0,0.0,0.0,0.0,0.0,0.0,0.0,4.51843201220049e-06,2.5354309974496e-05,1.889086092947794e-05,0.0,0.0,0.0,1.3226805042348738e-07,0.0,0.0,0.0,0.0,0.0,0.0,0.0,0.0,0.0,0.0,0.0003335301516667885,0.0,8.563677653605139e-07,1.3809010182468572e-12,3.751179004752607e-06,3.3875707674848006e-07,0.0,3.5652246937405256e-06,1.0875614006328295e-06,0.0,0.0,0.0,0.0,0.0,0.0
Topic_10,0.0001301706362166945,0.0,0.0,0.0008200436302777558,0.0,0.0,0.0,0.0,0.0,0.0009069496912140284,0.038663842235802916,0.0,0.0,0.0,0.0017404298092388898,0.0,0.0,0.0,0.0,0.0,0.009001293985825727,0.0,0.0,0.0,0.0,0.00031608999571955946,0.0,0.0,0.0,0.0011560929868138442,0.0,0.0,0.0,2.7336322843887702e-05,0.0,0.0,0.0,0.0,0.0,0.0,0.0,0.0,0.009801546318408893,0.0,0.0,0.16459155462086122,0.0,0.0010424317251492045,0.0,0.00017122839000258946,0.0,0.0,0.0,0.0,0.0,0.0009152311732620904,0.000203580185233927,0.0,0.0,0.0,0.0,0.0,0.0006429103854087141,0.0,0.0,0.0,0.0,0.0,0.0,0.0,0.0,0.0,0.0,4.18083717043938e-05,0.0,0.0,0.0,0.0,0.0,0.0,0.00021572687008356917,0.0,0.0,0.0,0.0,0.0,0.0,0.0005491686542449776,0.0,0.0,0.005509243541628968,0.0,0.0,0.0,0.0,0.0,0.0,0.0,0.0,0.0,0.0,0.00026235352436617174,0.12733482139255653,0.00981483511776374,0.003197003996079376,0.0,0.0005292471515531785,0.0,0.0,0.00471111596324903,0.0,0.0,0.0348200395041832,0.0,5.730419056488325e-05,0.0,0.0,0.0,0.0,0.0,0.0,0.0008964915555538757,0.0,0.0,0.0,0.0,0.0018542843574525208,0.0,0.0,0.0,0.01154924866898957,0.0008476289144406891,0.0,0.0,0.012952496008123964,0.0,0.0,0.0,0.0,0.0,0.0,0.0,0.0,0.0006629310647472919,0.003646090055827204,0.0,0.0,0.0621800166418248,0.004865682906298186,0.0,0.0,0.0,0.0048880265079936465,0.03420800454362786,0.0,0.00062119903829911,0.0,0.0,0.0,0.0,0.0,0.010600216362425089,0.0,0.004469322611138963,0.016648582177171654,0.047173777861388266,0.0,0.0,1.795196461080019e-05,9.420170701014158e-05,0.00023755096623033793,0.0,0.0,0.0,0.0,0.0,0.0,0.0,0.0,0.0017873839736558964,0.0006419822498936779,0.0,0.0007135941933560853,0.0019478415857241852,0.0,0.15018244948089024,0.0,0.20786806872082553,0.0011134540530825577,0.0,0.0,0.0,0.0,0.0,0.0
Topic_11,9.460124050006848e-06,0.0,0.0,5.715555903364149e-06,0.0,0.0,0.0,0.0,0.00012474480441368514,5.249523532567683e-06,0.00023635248704595286,0.0,0.0,0.0,0.0024943016746379015,5.348776413058912e-05,0.0009599403704938977,0.0,0.0023911710347155855,8.149534274209823e-05,3.1320115584450206e-05,0.0,0.0,0.00042989874787692197,0.0,1.4462582812579675e-07,0.0,0.0,0.0,0.0009190241658627322,0.0,0.0,0.0,0.0015547404554926087,0.0,0.0,0.0,3.2508105325740037e-06,0.0,0.0,0.0,0.0,0.0,0.48239535719785603,0.0,0.0004661035528771572,0.0,4.0133738764785596e-05,0.0,0.0020747536413819314,0.0,0.0,5.892275721417507e-06,0.0,0.0,0.09614107149111474,0.0001788013898408061,0.0,0.0,0.0,0.0,0.0,0.0,0.0,0.0,0.0,5.168431458930055e-05,0.0,0.0,0.0,0.0,0.0,0.0,0.00034055802048151446,0.0,0.0,0.0,0.0,0.0009519838720628594,0.0,0.0,0.0,0.00036155588057481993,0.0,0.0,0.0,0.0,6.0634504469219256e-05,0.00016307522777911723,0.000884955324205781,0.0,0.0,0.0,0.0,0.0,0.0,0.0,0.00048753771107182183,4.878476304678219e-05,0.00023370913054525123,0.0,5.102151757172048e-05,1.8172954300105953e-05,0.0,0.0,0.00011870116859960428,4.897262146025003e-05,0.0,0.006677339219192067,0.0,0.0,0.0,0.00019476932604894394,0.0011288947145626593,0.004021553027156021,0.0,0.0,6.10199111925997e-05,0.0,0.0,0.0,0.0,0.0,0.0,0.0,0.0,0.0,0.0,0.0,0.0,0.000278771255998647,0.043227607934564,0.0,0.0,0.0,0.0,0.0,0.0,0.0,0.0,0.0,0.0,0.0,0.2214505106126142,0.0,0.0,0.0,0.0,0.0857781604879175,0.0011053687427689124,0.0,0.0022424352802593458,0.0,8.468405704274063e-05,0.0,0.00024240568909802127,0.0,0.0,0.0,0.0,0.0,0.003895490872547847,0.0,0.019685759543036262,0.008256821714026662,0.004536051703032976,0.0,0.0,0.0,0.0,7.669666749392553e-06,0.0,0.0,0.0,0.0,0.0,0.0,0.0,0.0,0.0,0.0,0.0,0.0,1.6605519749210777e-06,0.0,0.002015006466226232,0.0,0.0,2.071936387710462e-05,0.0,0.0,0.0,4.333007262679339e-05,0.0,0.0
Topic_12,6.0495102622859825e-06,0.0,0.0,0.0007466122374221368,0.0,0.0,0.0,0.0,0.0,0.0001293076536629214,8.052638893050375e-05,0.0,0.0,0.0,7.414760241293574e-05,0.00025426552036020706,0.0,0.0,0.0,7.3851489328913276e-06,0.0009247366617565771,0.0,0.0,0.0,0.0,7.907288216366984e-05,0.0,0.0,0.0,0.003970332102017521,0.0,0.0,0.0,1.6494342920783934e-05,0.0,0.0,0.0,3.754838308031573e-05,0.0,0.0,0.0,0.0,0.00033413661482757445,0.0,0.0,0.12305158368724714,0.0,0.17009073830367644,0.0,0.0,0.0,0.0,0.0,0.0,0.0,1.3945287991270335e-05,7.380050056028942e-06,0.022357004730250037,0.0,0.0,0.0,0.0,0.0024643861577949054,0.0,0.0,0.0,0.0,0.0,0.0,0.0,0.0,0.0,0.0,0.001240218147307772,0.0,0.0,0.0,0.0,0.0,0.0,9.58017243947419e-06,0.0,0.0,0.0,0.0,0.0,0.0,0.00434928267576841,0.0,0.0,0.026659451690217717,0.0,0.0,0.0,0.0,0.0,0.0,0.0,0.0,0.0,0.0,4.349856603332926e-05,0.003125561231033132,0.0011290012151329064,0.0,0.0,3.523662467705319e-05,0.0,0.0,0.0,0.0,0.0,0.0013671885076865509,0.0,0.00027287445551259145,0.0,0.0,0.0,0.0,0.0,0.0,2.1704425000618324e-05,0.0,0.0,0.0,0.0,0.0,0.0,0.0,0.0,0.005078801087350416,7.85233601638843e-05,0.0,0.0,0.0,0.0,0.0,0.0,0.0,0.0,0.000760244360265784,0.0,0.0,0.0,0.018473646861470797,0.0,0.0,0.014065892738620939,0.45396532514752214,0.0,0.0,0.0,0.000985989073797088,0.019233446774880873,0.0,0.0,0.0,0.0,0.0,0.0,0.0,0.0,0.0,0.005629593541181212,0.07496903080109261,0.03165434589503814,0.0,0.0,0.0,0.0,0.0,0.0,0.0,0.0,0.0,0.0,0.0,0.0,0.0,0.00873716248607391,7.444556898109235e-05,0.0,8.534006138532287e-05,3.7278298160342935e-10,0.0,0.00014554137895192063,0.0,0.0029333611459656495,4.4973879204880406e-05,0.0,0.0,0.0,0.0,0.0,0.0
Topic_13,0.0,0.0,0.0,0.007363848101345107,0.0,0.00031613215028375934,0.0,0.0,0.0,0.0013060748982509302,3.6947333440838265e-05,0.0,0.0,0.0,0.001848399347159243,0.0,0.0,0.0,0.0,0.009190420769250878,0.0003174525729346906,0.0,0.0,0.0,0.0,1.9279956531307423e-06,0.0,0.0,0.0,0.0,0.0,0.0,0.0,0.21599608333614556,0.0,0.0,0.0,0.0,0.0,0.0,0.0,0.0,0.002253742016970989,0.0,0.0,0.0013748042084339778,0.0,0.23942387815837013,0.0,0.000948028003330355,0.0,0.0,0.0,0.0,0.0,0.012906617803018248,0.0003382908736193406,0.0,0.0,0.0,0.0,0.0,5.7051034549764484e-05,0.0,0.0,0.0,0.0,0.0,3.26723625766567e-05,0.0,0.0,0.0,0.0,0.00017701874009276377,0.0,0.0,0.0,0.0,0.0,0.0,0.008144739093756058,0.0,0.0,0.0,0.0,0.0,0.0,0.0003127282688104895,0.0,0.0,0.0010687507698504016,0.0,0.0,0.0,0.0,0.0,0.0,0.0,0.0,0.0,0.0,0.0022828260947639917,0.0005910548104204696,0.04231212295257366,0.0003174409839916849,0.0,0.0,0.0,0.0,0.0,0.0,0.0,0.0005539700533917703,0.0,0.0,0.0,0.0,0.0,0.0,0.0,0.0,0.0,0.0,0.0,0.0,0.0,0.0001604123027403735,0.0,0.0,0.0,0.01832455604595261,0.003949890761062013,0.0,0.0,0.0,0.0,0.0,0.0,0.0,0.0,0.0,0.0,0.0,0.0,0.00016610934066572618,0.0,0.0,0.0,0.0003481933633772021,0.0,0.0,0.0,0.08286212910738197,0.0011047025240738927,0.0,0.02187383714713495,0.0,0.0,0.0,0.0,0.0,0.0,0.0,0.0002305355019928908,0.062158780343346785,0.0007369586203373028,0.0,0.0,0.0,0.0,0.0,0.0,0.0,0.0,0.0,0.0,0.0,0.0,0.0,0.02185073269973196,0.0006346271076743495,0.0,0.0,4.44608557096278e-06,0.0,0.0015195705220954865,0.0,0.22432666530684925,0.009706718286521223,0.0,0.0,0.0,0.0,0.0,0.0
Topic_14,0.0,0.0,6.149443917410929e-07,8.963842688655081e-06,0.0,0.0,0.0,0.0,0.0,3.141928900760121e-08,0.0,0.0,0.0,0.0,0.0,0.0,1.438085688267833e-06,0.0,9.661127847611819e-07,4.205971924716433e-05,0.0,2.2055159620771465e-07,0.0,0.0,0.0,0.0,0.0,0.0,0.0,0.0,0.0,0.0,0.0,0.16925365127257644,0.0,0.0,0.0,0.0,0.0,0.0,0.0,0.0,0.0,0.0,1.7390649909690424e-06,0.0,3.187467067878104e-07,0.2817889979929906,0.1935754264043505,1.6236369554461116e-06,0.0,0.0,0.0,0.0,0.0,0.0,6.8067526603063545e-06,2.5131740159300644e-06,0.0,0.0,0.0,0.0,0.0,0.0,0.0,0.0,0.0,0.0,0.0,0.0,0.0,0.0,0.0,7.106131642794888e-08,0.0,0.0,0.0,0.0,0.0,0.08849455804219576,0.0,0.0,0.0,0.0,0.0,0.0,0.0,0.0,6.476001266875505e-07,0.0,0.0,0.0,0.0,0.0,0.0,0.0,0.0,1.7494649738228536e-06,2.049429237331047e-06,0.0,0.0,0.10113498398044822,0.007836842548177686,0.0,0.0,0.009913250292783452,0.0,0.0,0.0,0.0,0.0,0.07751128494392746,2.089073765119489e-12,0.0,0.00673865237469559,0.0,0.0,0.0,0.0,0.0,0.0,0.0,0.0,0.0,0.0,0.0,0.0,0.0,0.0,0.0,0.0,7.916184181415773e-08,0.0,0.0,0.0,8.463806934960843e-07,6.303289693254189e-07,0.0,0.0,0.0,0.01204911431046562,0.011239712571241999,0.0,0.0,0.0,0.0,0.0,0.0,3.4864985811974823e-07,3.2257168942106164e-06,0.0,0.0,0.0,0.0,0.0,0.04037786590223254,3.609700807111868e-06,0.0,0.0,0.0,0.0,0.0,0.0,0.0,0.0,0.0,3.4629509997494153e-06,0.0,0.0,1.1881848208101598e-06,0.0,0.0,0.0,0.0,0.0,0.0,0.0,0.0,0.0,0.0,4.8285912483802904e-08,0.0,0.0,7.706521681482527e-10,0.0,0.0,0.0,0.0,4.015859985367076e-07,0.0,0.0,0.0,0.0,0.0,0.0
Topic_15,0.00015436023950516202,0.0,0.0,0.010230366925187358,0.0,0.0,0.0,0.0,0.0,0.0006649668944891636,4.394584964954661e-05,0.0,0.0,0.0,0.003515957191144401,0.0029478894575721403,0.0,0.0,0.0038063451057401584,0.011026021923887498,0.0022907478642410968,0.0018848635189462708,0.0,0.0,0.0,0.0,0.05671652597957692,0.0,0.0,0.004007880104451609,0.0,0.0,0.0,0.046439651808177676,0.0,0.0,0.0,0.00232955165283029,0.07794184636828042,0.0,0.0,0.0,0.0,0.08913143841119119,0.005681575984485522,0.00023041038407100337,0.0,0.04771331308656104,0.11182816236328276,0.022960174744148715,0.023042232536370184,0.0,0.0036150447978062707,0.0,0.0,0.00895918989960141,0.06186717956406729,0.00046181687770100214,0.0,0.0,0.0,0.0,0.00030511803928490503,0.0,0.0,0.0,0.0,0.0,0.0,0.0,0.0,0.0,0.0,0.0010034869588011436,0.0,0.0,0.0,0.0,0.0,0.0,0.0,0.0,0.0,0.0,0.0,0.0,0.0,0.0028593161716183473,0.021374712937663527,0.005002808652570389,0.00019274514604113779,0.0,0.030781673897370816,0.019699202743284634,0.0,0.0394324100811885,0.0,0.0,0.0,0.0,0.0,0.055938499614654635,0.0027839837830675707,0.0,0.0,0.0,0.0006267344309987918,0.0,0.0,0.0,0.0,0.03410590477749442,0.0006197519017218994,0.0,0.008498955834028035,0.0,0.0,0.002260133619962717,0.0,0.0,0.0015887864263510099,0.0011807292757014605,0.030638968303893965,0.0,0.0064065600080366126,0.05275038153706625,0.0,0.0,0.0,0.0,0.0007131490326371217,0.0014449468336973175,0.0,0.0,0.0,0.0010844018935982484,0.0,0.0,0.0,0.0,0.004713373930291715,0.0,0.0,0.0,0.0014643890284007054,0.0,0.0,0.0007439359412576298,0.0010642816819868544,0.0,0.0,0.0,0.0,0.0033592179702620836,0.0,0.016428045389145392,0.0,0.0,0.004470517309689223,0.0,0.0,0.0,0.0,0.0002116469640148319,0.0014259220433900956,0.0002872300220032502,0.0,0.0,0.0,0.0016780070425764172,0.0021946030376494216,0.0,0.0,0.0,0.0,0.03416280887385643,0.0,0.0,0.0,0.0005720183338488668,0.0034601196949903532,0.0,0.0,1.198877094443864e-05,0.0,0.00011541034540206312,0.0,0.00027015807207181564,0.0014641224648930624,0.0,0.0,0.0,0.0,0.0,0.0
Topic_16,1.8886064661400725e-08,0.0,0.0,4.810140185425014e-06,0.0,0.0,0.0,0.0,0.0,0.0,8.768552959008283e-06,0.0,2.3896100300715006e-05,0.0,0.0,0.0,0.0,0.0,0.0,0.0,7.608868880609152e-08,0.00018727715244064733,3.990043817455054e-06,0.0,0.0,3.7899512016184734e-11,0.0,0.0,0.0,9.60400083399282e-09,0.0,5.584604666385436e-05,0.0,1.3867971011952816e-05,0.0,0.0,0.0,0.0,0.0,0.0,0.0,0.0,4.027841363467381e-08,0.0,0.0,0.0,0.0,9.0581238403392e-05,0.0,0.0002535216963429088,0.0,0.0,0.0,0.0,0.0,0.0,0.0004227112638904001,0.00012104138772594461,0.0,0.0,0.0,0.0,0.0,1.8934685608850805e-05,0.0,0.0,0.0,0.0,0.0,0.0,0.0,0.0,0.0,2.8350017549263446e-08,0.0,0.0,0.0,0.0,0.0,0.0,0.0,0.0,0.0,0.0,0.0,0.0,0.0,0.0,6.89692304518525e-06,3.2604756373902775e-05,1.1035006959145343e-07,3.4092490810328284e-05,0.0,0.0,0.0,0.0,0.0,0.0,0.0,0.0,0.0,0.002918687066040531,0.993745043028173,0.0,0.0,0.0,4.222313216626628e-05,0.0,0.0,5.6421022423995014e-05,0.0,0.0,2.1342279679197492e-07,0.0,0.0010026503388034945,0.0,0.00023180489335553273,7.046890150306225e-07,0.0,0.0,0.0,2.174294285138963e-05,0.0,0.0,0.0,0.0,7.93825248937446e-08,0.0,0.0,0.0,3.094131448079842e-08,0.0,0.0,0.0,3.633066079644519e-08,0.0,6.961852487116221e-05,0.0,0.0,0.0,0.0,0.0,0.0,0.0,0.0,0.0,0.0,3.7901860356793344e-06,8.565663638870666e-05,0.0,0.0,0.0,0.0,4.538393477640975e-11,1.4609015975410626e-08,4.5048162758926914e-05,0.0,0.0,2.0280688405500955e-06,0.0,0.0,0.0,0.0,0.0,2.2458251595168002e-09,6.2425154742427615e-09,0.0,0.00023352547190931525,4.3642250171667636e-05,0.0,4.3206758854989175e-05,0.00016078098734791473,0.0,0.0,0.0,0.0,0.0,0.0,0.0,0.0,3.739970321685107e-08,0.0,0.0,2.3936402629656214e-06,0.0,1.0020268846583902e-05,0.0,1.1575884955977982e-06,1.2104237667762702e-08,0.0,0.0,0.0,0.0,0.0,0.0
Topic_17,0.0,0.0,0.0,0.0,0.0,0.0,0.0,0.0,0.0,0.0019711998138262255,0.011991516456214567,0.0,0.008028265140097253,0.008865109617406424,0.0,0.0,0.0,0.0,0.0,0.0,0.0007562948545253342,0.0,0.0,0.0,0.0,0.0,0.0,0.0,0.0,0.0,0.0,0.0,0.0,0.0,0.0,0.0,0.0,0.0,0.0,0.0,0.0,0.0,0.0028055444084383587,0.0,0.0,0.008798473722757626,0.0,0.0,0.0,0.0,0.0,0.0,0.0,0.0,0.0,0.0,0.0,0.0013553781815777328,0.0,0.0,0.0,0.0,0.0,0.0,0.0,0.0,0.0,0.0,0.00014223225323264216,0.0,0.0,0.0,0.0,0.0,0.0,0.0,0.0,0.0,0.0,0.0,0.0,0.0,0.0,0.0,0.0,0.0,0.0,0.0,0.0,0.0,0.0029913577581221706,0.0,0.0,0.0,0.0,0.0,0.0,0.0,0.0,0.0,0.0,0.015436684492241866,0.005198805316369824,0.002978485750861751,0.0,0.0,0.0,0.0,0.0,0.014793276135563199,0.0,0.0,0.10567358561011697,0.0,0.0,0.0,0.0,0.0,0.0,0.0,0.0,0.0,0.0,0.0,0.0,0.0,0.0,0.0,0.0,0.0,0.02754671503433299,0.015986033745947238,0.0,0.0,0.0,0.0,0.0,0.0,0.0,0.0,0.0,0.0,0.0,0.0006643911045634801,0.0,0.0,0.0,0.02717837402747057,0.0009794668671247733,0.0,0.0,0.0,0.0,0.002750475859275107,0.0,0.0,0.0,0.0,0.0,0.0,0.0,0.09761732205673228,0.0,0.5885902604779202,0.010376221489275077,0.01789336557337238,0.0,0.0,0.0019273119453079802,0.0,0.0,0.0,0.0,0.0,0.0,0.0,0.0,0.0,0.0,0.0,0.0,0.0,0.0,3.83665997191514e-05,0.0,0.013598885481634898,0.0,0.0025359188099894556,0.0003879386711543493,0.0,0.0,0.0,0.0,0.0,0.0
Topic_18,2.990768076294481e-05,0.0,0.0,1.1288819493758929e-05,0.0,0.0,0.0,0.0,0.0,1.7118010066985825e-06,2.1326354842611603e-06,0.0,0.0,0.0,6.054540860650416e-07,0.0,1.8381182886096835e-07,0.0,1.2783919354984196e-07,3.293871026607712e-08,1.3757136279634377e-06,2.309776090054809e-05,0.0,0.0,0.0,6.490852035562677e-09,0.0,0.0,0.0,0.05985509236835103,0.0,0.0,0.0,2.860467001416912e-06,0.0,0.0,0.0,3.678007958458359e-09,0.0,0.0,9.188971229368266e-06,0.0,0.006024247401474913,0.0,3.532644619456322e-05,0.06496613036755323,1.564802345916255e-05,1.43196119765613e-05,3.733609217818889e-05,1.6781753687614222e-06,0.0,0.0,0.0,0.0,0.0,6.456485191208788e-07,8.085724729217197e-06,0.062472335105707766,0.0,0.0,0.0,0.0,0.01672511125786932,0.0,0.0,0.0,0.0,0.0,0.0,0.0,0.0,0.0,0.0,4.002839017246765e-05,0.0,0.0758815281826414,0.0,0.0,0.0,3.710809349424899e-05,4.341013731472204e-07,0.0,0.0,0.0,0.0,0.0,0.0,0.009906524948147494,3.1400819625698315e-06,0.0,0.012048810871508005,0.0,0.0,0.0,0.0,0.0,0.0,1.3133956427809387e-05,0.0004172640305775144,0.0,0.0,3.6133918051174947e-06,0.006916678687566351,1.927207227707048e-05,0.0,3.289290836852576e-06,0.0,0.0,0.0,0.00015026498100191064,0.0,1.9861366596686406e-05,0.0005602234596502895,0.0,5.108028015600808e-07,0.0,0.0,0.015274414764149927,0.0,0.0,0.0,0.0004302507915752328,0.0,0.0,0.0,0.0,2.3743774518132807e-09,0.0,0.0,0.0,0.00025642223471268984,1.0399143677883216e-06,0.0,0.0,0.15016701078454786,0.0017865355166452788,0.00016167687588593724,0.0,0.0,3.738426772106206e-08,6.4357052859789995e-06,7.058422394370885e-05,0.0,2.049563865405259e-09,0.016607235188400297,0.0,0.0,0.0,1.5835732794862617e-07,1.65532774121242e-05,0.0,0.0,0.029369297256199363,3.474237464475139e-05,0.0,0.00017906798853731576,3.617338862758674e-05,0.0,0.00250874138887088,0.0,0.0,0.0026671672862001476,0.0,0.002089121946122393,0.0220979987937385,0.00024596958038838824,0.0,1.2746334887520765e-05,0.0,6.561127768243703e-07,1.2590798297474114e-06,0.0,0.0,0.0,0.0,0.0,0.0,0.0,0.0,0.00011259132673926223,0.004785200649375612,0.0,0.0,4.851998646662385e-09,0.0,0.3688398783612208,0.0,0.06451819726263144,2.234930130884454e-06,0.0,0.0,0.0,0.0,0.0,0.0
Topic_19,4.1940944543054274e-07,7.36461543005727e-08,1.9645602921468782e-06,0.0002781201836088746,0.0,0.0,0.0,2.3465441850582835e-06,0.0,3.3680037065594385e-06,5.859951724549419e-07,0.0,0.0,0.0,1.3437470552212247e-06,2.866081483953519e-05,2.9008582974805668e-05,0.0,0.00010000210189698587,5.3492472983633226e-05,6.689231695686607e-07,0.0,0.0,0.0,0.0,1.8345207236210144e-07,0.0,0.0,0.0,1.4792830841207579e-05,0.0,0.0,0.0,8.16635933039041e-06,0.0,0.0,0.0,2.4771236856117274e-06,0.0,0.0,7.582334966420402e-06,0.0,1.2148350724048815e-06,0.000271690597069646,0.0,1.9705114497399616e-06,1.737639625458356e-06,0.00027559517365709864,0.0,1.1976385243778467e-06,0.0,8.99403570192278e-05,9.570916957046363e-06,0.0,0.0,1.7229666524581388e-05,2.9741305228428817e-05,0.0,0.0,0.0,0.0,0.0,6.672005119611783e-08,0.0,0.0,0.0,1.480204690762521e-06,0.0,0.0,0.0,0.0,0.0,0.0,3.5992604821704205e-06,0.0,0.992288731956084,9.799213934743055e-07,0.0,1.393339865994983e-05,0.0,9.213499976931238e-07,0.0,0.0,0.0,0.0,0.0,0.0,0.00015849354318647993,9.827324746116905e-06,0.0,2.213457316813431e-08,0.0,0.0,0.0,0.0,3.549802689679865e-05,0.0,4.84309388811797e-06,0.0,0.0,0.0,0.0026637170926567116,1.9861211820303766e-06,1.3562670829367435e-06,0.0,1.3566225947685957e-06,5.200355668996944e-07,0.0,8.85017827140375e-06,0.0,0.0,5.38503539696864e-05,1.0101553735833246e-06,1.3796475292012748e-05,0.0007580639730058325,0.0,0.0,9.189552135615124e-06,0.0,0.0,0.0,3.2896916446797036e-05,0.0,0.0,0.0,0.0,0.0,0.0,0.0,0.0,1.1089916937576696e-06,9.781561157596326e-06,0.0,0.0,8.199592231935998e-08,0.0,0.0,0.0,0.0,1.69007263375321e-07,0.0025120241051275593,0.0,0.0,5.4501250885072694e-08,5.883545642675482e-06,0.0,0.0,0.0,1.0659442858457938e-05,5.249916858973946e-06,0.0,9.22519103750594e-06,4.191890371994095e-07,1.1638428986835918e-05,2.2280563502942403e-06,1.2831222545335409e-05,1.7991103396506e-05,0.0,4.283899644696766e-05,0.0,0.0,1.9571701831894358e-07,0.0,2.0482156667025761e-07,5.9599734359320174e-06,5.705249614790785e-06,0.0,0.0,0.0,1.9323804960771167e-06,2.944144834712558e-06,0.0,0.0,0.0,0.0,0.0,0.0,0.0,0.0,1.1198236955609094e-06,9.910213851101839e-06,0.0,2.018142551751579e-06,5.797979568071099e-09,0.0,2.9739772710892965e-08,0.0,5.240849272427254e-06,2.280812408849823e-05,0.0,0.0,0.0,1.4075192782243343e-06,0.0,0.0
Topic_20,0.0,0.0003161049873356239,0.0,3.541703472483017e-05,0.0,0.0,0.0,0.0,0.0,5.128691098762507e-05,0.0,0.0,0.0,0.0,0.0,0.0,0.0,0.0,0.0,0.0003476171215017395,2.5394432670467984e-05,0.0,0.0,0.0,0.0,3.425735672634309e-06,0.0,0.0,0.0,0.0,0.0,0.0,0.0,0.0,0.0,0.0,0.0,0.0,0.0,0.0,0.0,0.0,0.000443230457386074,0.0,0.0,0.004596608123014135,0.0,0.017594520674116806,0.0,0.0,0.0,0.0,0.0,0.0,0.0,0.23206301725215833,0.0,0.0,0.0,0.0,0.0,0.0,0.0,0.0,0.0,0.0,0.0,0.0,0.0,0.0,0.0,0.0,0.0,0.01333485991164219,0.0,0.0,0.0052774727728954985,0.0,0.0,0.0,0.023916524082727153,0.0,0.0,0.0,0.0,0.0,0.0,0.010382517391457655,0.0,0.0,0.03787452128824895,0.0,0.0,0.0,0.0,0.0,0.0,0.0,0.0,0.0,0.0,0.0034874904313517544,0.00866767676171209,0.0009758157678657974,0.0061101095727311575,0.0,0.0,0.0,0.0,0.0,0.0,0.0,0.0027809058646790616,0.0,1.58425519069959e-06,0.0,0.0,0.0,0.0,0.0,0.0,0.012303656199369269,0.0,0.0,0.0,0.0,4.28680513638279e-05,0.0,0.0,0.0,0.00021837302759786004,0.0,0.0,0.0,0.0,0.0,0.0,0.0,0.0,0.0020247365931154704,0.0,0.0,0.0,0.0,5.785073660351841e-05,0.0,0.0,0.0,0.007208867203013683,0.0,0.0,0.0,0.0007180247998738144,0.20058921890321543,0.006481069807508863,0.0,0.0,0.0,0.0,0.0,0.0,0.0,0.0,0.0,0.004630520239253269,0.00034792519311757923,0.0,0.0,0.0,0.0065592015386688315,0.00031011146121346305,0.0,0.0,0.0,0.0,0.0,0.0,0.0,0.0,0.00194213748542948,0.0002818423507734378,0.0,0.0,0.0,0.36735857308945624,0.0003752264383033886,0.0,0.005877726136883975,0.013317205984381925,0.0,0.0,0.0,0.0,0.0,0.0
Topic_21,9.738670490204546e-05,0.0,0.007088997585144504,0.002844504744867788,0.0,0.0,0.0,0.0036674206219944033,0.0,0.00022743151735154504,0.009161620769606735,0.0,0.11651035834281709,0.05166740215013763,4.21706279252612e-05,0.0,0.0,0.0,0.002800312612673277,4.093135857336672e-06,0.00012542006902015694,0.0010824240260594094,0.0,0.0,0.0,5.16109752024744e-07,0.0,0.0,0.0,0.0003670176571794352,0.0,0.0,0.0,0.00413659554183737,0.0,0.0,0.0,3.87700111681257e-07,0.0,0.0,0.0,0.0,0.00010001528908689284,0.0,0.0,2.7181998457199514e-05,0.0,3.1072515093051196e-05,0.0,0.014984594453680205,0.0,0.0,0.0,0.0,0.0,0.00045343037640979727,0.10472049814119791,0.012459662848211667,0.0,0.0,0.0,0.0,0.0,0.0,0.0,0.0,0.0,0.0,1.1869920897875065e-06,0.0,0.0,0.0,0.0,2.634786051456605e-06,0.0,0.0,0.0,0.0,0.0,0.0,4.2681395808768356e-05,0.0,0.0,0.0,0.0,0.0,0.0,7.323840504053741e-05,0.007854362954992422,0.00764134934078368,0.0003807616449620733,0.00927487113650628,0.0,0.0,0.0,0.0,0.0,0.0,0.0,0.0,0.0,0.056896172223872075,0.09768968227818582,2.663356442073871e-05,0.0,0.0007956083749122918,0.003611822212716176,0.0,0.0,0.023778901020702174,0.0,0.0,0.0005797360920870722,0.0,0.011476726094584047,0.0,0.0,0.0,0.0,0.0,0.0,0.0008558093927067327,0.0,0.0,0.0,0.0,1.3033087061927249e-06,0.0,0.0,0.0,0.0003961492452577484,2.241532918275672e-05,0.0,0.0,0.002392660319119841,0.0,0.12568450867483866,0.0,0.0,6.176347923493926e-06,0.018418240280324058,0.0,0.0,6.735465402917959e-05,1.5057482370817294e-05,0.0,0.0,0.0,0.0345133005974806,0.040692158232376485,0.0,0.0,8.784522616918402e-06,3.509707568401216e-06,0.0,0.06405228739156794,0.05069291622509682,0.0,0.0,0.0,0.008253254873206313,0.0005311732109471118,0.0,0.0033565458659858905,0.0009296838069049802,0.00016710671610104392,0.0,0.0013892528622116112,0.04723175487261413,5.726288484140529e-06,0.0031183104201375905,0.0,0.0,0.0,0.0,0.0,0.0,0.0,0.0,0.0,0.0001265199233958927,0.0,1.4717207364562226e-05,0.00010662867456869489,0.0,0.021189188040836027,0.0,0.021970411278180904,0.0009501610493738128,0.0,0.0,0.0,0.0,0.0,0.0
Topic_22,0.0,0.0,0.0,0.0036942121147068804,0.0,0.0,0.0,0.0,0.0,0.0023914203352929475,0.0028234910120363116,0.0,0.0,0.0,0.007004402085918237,0.0,0.0,0.0,0.0,0.0,0.01333072071542621,0.0,0.0,0.0,0.0,0.0006295735641180781,0.0,0.0,0.0,0.003662185353213877,0.0,0.0,0.0,0.0032733951260284656,0.0,0.0,0.0,0.0,0.0,0.0,0.0,0.0,0.005165200991177263,0.0,0.0,0.0,0.0,0.0007365081050361137,0.0,0.0015767426618045041,0.0,0.0,0.0,0.0,0.0,0.007361217906894085,0.005441873368046255,0.0,0.0,0.0,0.0,0.0,0.0,0.0,0.0,0.0,0.0,0.0,0.0,0.0,0.0,0.0,0.0,0.001036917792223925,0.0,0.0,0.0,0.0,0.0,0.0,0.06924307357270618,0.0,0.0,0.0,0.0,0.0,0.0,0.0,0.004327127702877168,0.12312577513542747,0.0030782654287558955,0.010571375994752006,0.0,0.0,0.0,0.0,0.0,0.0,0.0,0.0,0.0,0.005778524616319137,0.0047614230717495055,0.07745391765759833,0.0,0.0006112476034511525,0.006462106898933814,0.0,0.0,0.0,0.0,0.0,0.03648473827548272,0.0,0.005610333540690832,0.0,0.004864215167863066,0.0,0.0,0.0,0.0,0.013345345515691252,0.0,0.0,0.0,0.0,0.004668180785225955,0.0,0.0,0.0,0.012682041265031073,0.007302272018704399,0.0,0.0,0.0,0.0,0.0,0.0,0.0,0.0,0.0,0.0,0.0,0.0014476277731316411,0.0,0.0,0.0,0.0,0.012829195262393563,0.0,0.0,0.0,0.05917387149847135,0.008645290341087972,0.0,0.0,0.0,0.0,0.0,0.0,0.006728036572114816,0.0,0.0,0.0,0.0030753346583257367,0.00484580610325531,0.0,0.001599119426335838,0.03832597096334378,0.0004749340871148761,0.0028314927781496386,0.0,0.0,0.0,0.0,0.0,0.0,0.0,0.0,0.0,0.004810186686369859,0.0,0.0,3.3804106248840086e-05,0.0,0.3797622964418168,0.0,0.0,0.025945998305780725,0.0,0.0,0.0,0.0,0.0,0.0
Topic_23,0.005497707084039026,0.0,0.0,0.0038316755035086563,0.0014944435768966128,0.0,0.0,0.0002943192765568431,0.0,0.0009190755338404522,0.05821224829252605,0.0,0.015156926600103744,0.004039054837645451,0.0,0.0,0.0,0.0,0.0,0.0,8.288541116390094e-05,0.0,0.008458690806394406,0.0,0.0,0.0,0.0,0.0,0.0,0.0008367805100333532,0.0,0.0,0.0,0.0,0.0,0.0,0.0,0.0,0.0,0.0,0.0,0.0,0.0018066962606782223,0.0,0.0,0.0,0.0,0.0012320619039496992,0.0,4.068659427972103e-05,0.0,0.0,0.0,0.0,0.0,0.0,0.004568940179703178,0.0,0.0,0.0,0.0,0.0,0.0,0.0,0.0,0.0,0.0,0.0,0.0,0.0,0.0,0.0,0.0,0.0,0.0,0.0,0.0,0.0,0.0,0.0,0.0,0.0,0.0,0.0,0.0,0.0,0.0,0.000412780461339166,0.00073612281477736,0.0,0.0018439489913318033,0.0,0.0,0.0,0.06747190121873857,0.0,0.0,0.0016698087489681024,0.0,0.0,0.0,0.024292276234293798,0.04561810690302204,0.0,0.0,7.920816344068845e-05,0.006311503061545743,0.0,0.0,0.10133164182309669,0.0,0.0,0.0,0.0,0.00040629130544689003,0.0,0.0,0.047938077180945886,0.0,0.0,0.0,0.010414936408490897,0.0,0.0,0.0,0.0,0.0,0.0,0.0,0.0,0.007053032964046364,0.0,0.0,0.0,0.008839195821491307,0.0029149848230060004,0.0,0.0,0.0,0.0,0.0,0.006962553952575999,0.0035812178944570087,0.0,0.0,0.0,0.0,0.0,0.0009798547462880377,0.0,0.0,0.0,0.0,0.008487383850361449,0.0,0.0,0.002457192607796458,0.0,0.0,0.0,0.0,0.0,0.0,0.0,0.0072785931963668,0.00316350355453241,0.0,0.0,0.0,0.0,0.0,0.004250081675117919,0.0,0.0,0.0,0.0,0.0,0.0,0.0,0.0,0.0,0.0,0.0,0.00010502481294505504,0.0,0.010932008110546065,0.0,0.5178925802936521,1.084756562335789e-05,0.0,0.0,0.0,0.0,0.0,0.0
Topic_24,0.0,0.0005105003569487907,0.0,0.0,0.0,0.0,0.0,0.0,0.0,4.667580017992977e-07,0.011703588723655059,0.0,0.007468443474473569,0.12119500037468164,0.0,0.0,0.0,0.0,0.0,0.0,0.0,0.0,0.0,0.0,0.0,3.228392806551667e-05,0.00028696556042579223,0.0,0.0,0.0,0.0,0.0,0.0,0.0,0.0,0.0,0.0,0.0,0.0,0.0,0.0,0.0,0.0023029934295330334,0.0,0.0,0.0,0.0,9.84311511732284e-05,0.0,0.0,0.0,0.0,0.0,0.0,0.0,4.757413762525442e-05,0.000657974956933749,0.0,0.0,0.0,0.0,0.0,0.0,0.0,0.0,0.0,0.0,0.0,0.0,0.0,0.0,0.0,0.0,0.0,0.0,0.0,0.0,0.0,0.0,0.0,0.0,0.0,0.0,0.0,0.0,0.0,0.0,0.0,0.0,0.0,0.26282149679857975,0.0,0.0,0.0,0.0,0.0,0.0,0.0,0.0,0.0,0.0,0.0007307981298465651,0.0,0.0002945767831286712,0.0,0.0,0.0,0.0,0.0,0.5119691980600443,0.0,0.0,0.0035118512386322085,0.0,5.901536846768385e-05,0.0,0.0,0.00023403249008062169,0.0,0.0,0.0,0.0,0.0,0.0,0.0,0.0,0.0,0.0,0.0,0.0,0.016428775530493336,0.0,0.0,0.0,0.005967753039355266,0.0,0.007185103099845315,0.0,0.0,0.0,0.0,0.0,0.0,0.00017725835895899628,0.0,0.0,0.0,0.0,7.080853182813805e-05,0.0,0.0,0.0,0.0,0.0007279390260117148,0.0,0.0,0.0,0.0,0.0,0.0,0.0,0.014965969660105816,0.0,0.010948759007350988,0.002915185762258769,0.0,0.0,0.0,0.008281150029293924,0.0,0.0,0.0,0.0,0.0,0.0,0.0,0.0,0.0,0.0,0.0,0.0,0.0,0.00015632629470289737,0.00012554379211932823,0.0,0.008037553999615513,0.0,0.0,0.0,0.0,0.0,0.0,0.0,0.0,0.0
Topic_25,1.331823359081231e-07,0.0,0.0,1.3416353306391894e-05,0.0,0.0,0.0,0.0,0.0,4.557137612065429e-06,7.440144202433758e-05,0.0,0.0,0.0,0.031121616925341333,0.0,0.0,0.0,0.0,0.0,0.8155116667257364,0.0,0.0,0.0,0.0,0.0,0.0,0.0,0.0,0.0,0.0,0.0,0.0,0.00023828571363544143,0.0,0.0,0.0,0.0,0.0,0.0,0.0,0.0,0.0,0.0,0.0,0.0005600521204802539,0.0,1.7390519689341522e-05,0.0,0.0,0.0,0.0,0.0,0.0,0.0,1.3625462175184126e-05,0.0008094878681487939,0.0017358370432147194,0.0,0.0,0.0,0.0,0.00011237638392053615,0.0,0.0,0.0,0.0,0.0,6.266954514598208e-06,0.0,0.0,0.0,0.0,6.664494590417204e-05,0.0,0.0,0.0,0.0,0.0,0.0,0.000300988529802063,0.0,0.0,0.0,0.0,0.0,0.0,0.0009897525457612068,0.0,0.0,0.001104385111925925,0.0,0.0,0.0,0.0,0.0,0.0,0.0,0.0,0.0,0.0,0.00028419515149177594,6.7070279512161355e-06,0.10017624271212303,0.0,0.0,0.0,0.0,0.0,0.0,0.0,0.0,0.0002315543555345449,0.0,1.3922526165614467e-05,0.0,0.0,0.0,0.0,0.0,0.0,0.0,0.0,0.0,0.0,0.0,0.0010317894719832185,0.0,0.0,0.0,0.03439330345974033,1.9667401834361277e-05,0.0,0.0,0.0,0.0,0.0,0.0,0.0,0.0,0.0,0.0,0.0,0.0,0.00016441113370143813,0.0,0.0,0.0,3.2184673270089e-05,0.0,0.0,0.0,0.00011462231840509542,8.48783789288721e-05,0.0,6.864165848348688e-05,0.0,0.0,0.0,0.0,0.0,0.0012283186223111281,0.0,0.0028015780809117967,0.001116680271540233,0.0052575437039550765,0.0,0.0,0.0,0.0,0.0,0.0,0.0,0.0,0.0,0.0,0.0,0.0,0.0,6.562641143322672e-05,0.0,0.0,0.0,5.997149421448201e-10,0.0,0.00013290873257706934,0.0,0.0,7.639592325936844e-06,0.0,0.0,0.0,0.0,0.0,0.0
Topic_26,0.0,0.0,0.0,0.0008769577604166271,0.0,0.0,0.0,0.0,0.0,0.00026334748921324965,0.09301566747455024,0.0,0.11983723768758095,0.054957916916617895,0.00034278811278503843,0.0,0.0,0.0,0.0,0.0001569278615357317,0.011538885115940572,0.0,0.0,0.0,0.0,0.00022204057076517634,0.0,0.0,0.0,0.004767703712676692,0.0,0.0,0.0,0.0005157123193855361,0.0,0.0,0.0,0.0,0.0,0.0,0.0,0.0,0.004893741633463256,0.0,0.0,0.004318764232998364,0.0,0.002716604485520865,0.0,0.0017985503545430402,0.0,0.0,0.0,0.0,0.0,0.003683827172929861,0.14093413218892353,0.0,0.0,0.0,0.0,0.0,0.0,0.0,0.0,0.0,0.0,0.0,5.666251973323087e-05,0.0,0.0,0.0,0.0,0.00015322745507805326,0.0,0.0,0.0,0.0,0.0,0.0,0.0,0.0,0.0,0.0,0.0,0.0,0.0,0.00016059181367701378,0.014509000615090263,0.10179020650321459,0.0010269914241902017,0.0,0.0,0.0,0.0,0.0,0.0,0.0,0.0,0.0,0.0,0.002012239025639471,0.0207158706987427,0.01072757644722717,0.0,0.0,0.013925526215292633,0.0,0.0,0.018295630404306935,0.0,0.0,0.03744443760936557,0.0,0.02682925412569348,0.0,0.0,0.0,0.0,0.0,0.0,0.0020654181448308724,0.0,0.0,0.0,0.0,0.00010764116670292765,0.0,0.0,0.0,0.016279894577289684,0.00018849890720953492,0.0,0.0,0.08202880413766127,0.0,0.03218608490274114,0.0,0.0,0.0,0.0030315605557904427,0.0,0.0,0.00042025812722963456,0.0024434308090555278,0.0,0.0,0.0,0.002113271720176234,0.0,0.0,0.0,0.0013337864166106867,0.003350976955069037,0.0,0.0016604646231705622,0.0,0.0,0.0,0.0,0.0,0.003409891964984868,0.0,0.0044318153181695675,0.03793334991236495,0.00844258297350965,0.0,0.0,0.0028775660984475607,0.0,0.00033969310599322056,0.0,0.0,0.0,0.0,0.0,0.0,0.0,0.0,0.0,0.0004893239256932319,0.0,0.0005951374537827342,8.577672476603136e-05,0.0,0.10080190634859616,0.0,0.0,0.0006353836054210893,0.0,0.0,0.0,0.0,0.0,0.0
Topic_27,0.0,0.0,0.0,0.0049020614650841345,0.0,0.0,0.0,0.0,0.0,0.009424664794293606,0.006851009468593495,0.0,0.009273143288623137,0.0,0.012711976165836143,0.0,0.0,0.0,0.0,0.0,0.0028464109945698537,0.0,0.0,0.0,0.0,0.00042143281164431357,0.0,0.0,0.0,0.0,0.0,0.0,0.0,0.009937240910568903,0.0,0.0,0.0,0.0,0.0,0.0,0.0,0.0,0.017599069045199374,0.0,0.0,0.013406378994896563,0.0,0.006221030621145992,0.0,0.0,0.0,0.0,0.0,0.0,0.0,0.012091280646885364,0.03900552022722517,0.01816081131501414,0.0,0.0,0.0,0.0,0.0,0.0,0.0,0.0,0.0,0.0,0.0002541010348496451,0.0,0.0,0.0,0.0,0.0024582854896591246,0.0,0.0,0.0,0.0,0.0,0.0,0.0,0.0,0.0,0.0,0.0,0.0,0.0,0.008197896430330706,0.0,0.0,0.00019039762379908116,0.0,0.0,0.0,0.0,0.0,0.0,0.0,0.0,0.0,0.0,0.07118038165094785,0.024931646781599412,0.005958260319825161,0.0,0.0,0.015384309264174726,0.0,0.0,0.02532215618705231,0.0,0.0,0.12787965946055013,0.0,0.012667426233549646,0.0,0.0,0.0,0.0,0.0,0.0,0.0,0.0,0.0,0.0,0.0,0.0,0.0,0.0,0.0,0.13790578332779702,0.017082155313683588,0.0,0.0,0.028567814116563853,0.0,0.03503029909938358,0.0,0.0,0.0,0.0,0.0,0.0,0.00044196330113305813,0.007008175234688306,0.0,0.0,0.010447663256778175,0.02967526137298532,0.0,0.0,0.0,0.0022689295411550173,0.00037589683934823704,0.0,0.0,0.0,0.0,0.0,0.0,0.0,0.02504281116743282,0.0,0.004415754930636895,0.0514246680700396,0.0893945190589527,0.0,0.0,0.013046432259895534,0.0,0.007426999530073978,0.0,0.0,0.0,0.0,0.0,0.0,0.0,0.0,0.0,0.025227347188818704,0.0,0.0,1.4050577014895644e-06,0.0,0.04706561412125432,0.0,0.0,0.010614638801114084,0.0,0.0,0.0,0.0,0.0,0.0
Topic_28,0.0,0.001170069483365062,0.0,0.0009804039657450123,0.0,0.0,0.0,0.0,0.0,0.022366865443274386,0.0034173789212905755,0.0,0.0,0.0,0.006833253537581014,0.0,0.0,0.0,0.0,0.002501066821409369,0.0001707618035455823,0.0,0.0,0.0,0.0,0.00015191171628820734,0.0,0.0,0.0,0.013127686716098073,0.0,0.0,0.0,0.0017571283025220093,0.0,0.0,0.0,0.001427062462325675,0.0,0.0,0.000376993129776866,0.0,0.0022630967362589037,0.0,0.0,0.0045517621185605,0.0016415765213657076,0.03750951540561439,0.0,0.06519010831334641,0.009072567831777782,0.0,0.0,0.0,0.0,0.009186901356682646,0.0019681674061942556,0.0,0.0,0.0,0.0,0.0047004266113822935,0.002625765086920832,0.0,0.0,0.0,0.001009570713623936,0.0,0.0,0.0,0.0,0.0,0.0,0.001292670345759946,0.0,0.0,0.0,0.0,0.0,0.0,0.0,0.0,0.0,0.0,0.0,0.0,0.0,0.013713783094969645,0.03097573364152137,0.007278654798299955,0.10906989041762513,0.0,0.0,0.0,0.0,0.0,0.0,0.0,0.0,0.0,0.0,0.008411725464041725,0.006690291054767439,0.008555326708637945,0.0,0.0,0.0,0.0,0.0,0.0,0.0,0.2424157614566786,0.007518698185429505,0.0,0.0008246142544986319,0.0,0.0,0.1209572331547203,0.0,0.0,0.0,0.007886212493251426,0.0,0.0,0.0,0.0,0.0,0.0,0.0,0.0,0.002184118701285334,0.007343211620596834,0.0,0.0,0.00963232792131627,0.0,0.0,0.0,0.0,0.0,0.0029975640074865516,0.0,0.0,0.0,0.009818220658034815,0.0,0.0,0.0,0.007540027471359982,0.0,0.0,0.0,0.02064872305467935,0.009685300380331621,0.0009116450739912028,0.012549668410067981,0.0,0.0,0.0,0.0,0.0,0.009676908287846833,0.0,0.004089411984644941,0.0787071962828599,0.002189494395197709,0.0,0.0,0.0,0.0027528066428104472,0.0013143681025545714,0.0,0.0,0.0,0.0,0.0,0.0,0.0,0.0,0.003930859827656045,0.002359577356496954,0.0,0.0015687187488162453,0.00020098994462371917,0.0,0.02007509322167571,0.0,0.02553148315277062,0.0032324495213703615,0.0,0.0,0.0,0.0,0.0,0.0
Topic_29,3.19170390279768e-11,0.0,0.0,0.0,0.0,0.0,0.0,0.0,0.0,7.70391345903108e-09,3.8933941066016826e-09,0.0,0.0,0.0,0.0,0.0,0.0,0.0,0.0,0.0,2.933794771754158e-08,0.0,0.0,0.0,0.0,7.482328815160348e-11,0.0,0.0,0.0,4.394008108716698e-06,0.0,0.0,0.0,0.0,0.0,0.0,0.0,0.0,0.0,0.0,0.0,0.0,4.932545808962598e-09,0.0,0.0,1.3383922263921378e-07,2.8959556739353644e-06,1.5762879090980738e-05,0.0,0.0,0.0,0.0,0.0,0.0,0.0,0.0,0.0,0.0,0.0,0.0,0.0,0.0,2.9464610082753792e-09,0.0,0.0,0.0,3.731402334280243e-09,0.0,0.0,0.0,0.0,0.0,0.0,1.0224633248274363e-09,0.0,2.5707639536985066e-05,0.0,0.0,0.0,0.0,0.0,0.0,0.0,0.0,0.0,0.0,0.0,0.0,0.0,0.0,0.9998710342650651,0.0,0.0,0.0,0.0,4.770635359748811e-06,0.0,0.0,0.0,0.0,0.0,1.4910864750830143e-05,1.496717524622621e-09,3.158936630949019e-07,6.034514377355607e-06,0.0,0.0,1.0749601260535273e-06,0.0,0.0,0.0,0.0,7.419514665121121e-07,0.0,2.2660773037388475e-08,0.0,0.0,0.0,0.0,0.0,0.0,0.0,0.0,0.0,0.0,0.0,2.2554108539223793e-10,0.0,0.0,0.0,1.0209223274413875e-09,3.054014939990672e-06,0.0,0.0,0.0,0.0,0.0,0.0,0.0,0.0,0.0,0.0,0.0,0.0,1.3166018720111002e-06,0.0,0.0,9.166191093980718e-08,6.042613624838657e-08,0.0,0.0,0.0,1.4665491229843537e-08,9.515634654143424e-10,0.0,1.4189080046461805e-05,0.0,0.0,0.0,0.0,0.0,5.004691749446007e-07,0.0,3.958998610702271e-07,1.9066598181625085e-07,2.0739397188956413e-05,0.0,0.0,0.0,7.609882765761891e-06,0.0,0.0,0.0,0.0,0.0,0.0,0.0,0.0,0.0,0.0,0.0,0.0,0.0,8.956027208188952e-12,0.0,0.0,0.0,3.88106737436814e-09,3.937722440368607e-06,0.0,0.0,0.0,0.0,0.0,0.0
Topic_30,0.0,0.0,0.0,0.002140918305730821,0.0,0.0,0.0,0.0,0.0,0.0002551115883799721,0.0077622066678811235,0.0,0.0,0.0,0.0,0.0,0.0,0.0,0.0,0.0,0.001977572254569634,0.0,0.0,0.0,0.0,0.00029860540129181306,0.0,0.0,0.0,0.0,0.0,0.0,0.0,0.002152248185831981,0.0,0.0,0.0,0.0,0.0,0.0,0.0,0.0,0.0027638763474497063,0.0,0.0,0.0,0.0,0.0010437135247350563,0.0,0.0,0.0,0.0,0.0,0.0,0.0,0.003280786357393519,0.0659811861180391,0.0,0.0,0.0,0.0,0.0,0.0,0.0,0.0,0.0,0.0,0.0,0.0,0.0,0.0,0.0,0.0,0.0,0.0,0.0,0.0,0.0,0.0,0.0,0.0004974175269102642,0.0,0.0,0.0,0.0,0.0,0.0,0.0,0.0,0.0,0.0,0.008064684064019558,0.0,0.0,0.0,0.0,0.0,0.0,0.0,0.0,0.0,0.011914762963709198,0.04435092289638547,0.0033174026055102336,0.0,0.00016619980520115555,0.019979701839392672,0.0,0.0,0.001420842723915559,0.0,0.0,0.03746017118281861,0.0,0.0019678298715159466,0.0,0.0022428705890532932,0.0,0.0,0.0,0.0,0.0019347976496826233,0.0,0.0,0.0,0.0,0.00028376193162877293,0.0,0.0,0.0,0.004593187925306913,0.0007946788985707682,0.0,0.0,0.0,0.0,0.0,0.0,0.0,0.0,0.0,0.0,0.0,0.00046460041947763537,0.0,0.0,0.0,0.0,0.0028531611968506698,0.0,0.0,0.0,0.0,0.002088248744413641,0.0,0.0,0.0,0.0,0.0,0.0,0.0027679094929397713,0.0,0.0,0.0,0.0006786917161560738,0.0,0.0,0.0005615234986393786,0.010307498366218906,0.0004589550923006235,0.0031119229168108742,0.0,0.0,0.0,0.0,0.0,0.0,0.0,0.0,0.0,0.0,0.0,0.0,7.826225634840132e-05,0.0,0.6737035045248804,0.0,0.07471021836563499,0.0007651505540013174,0.0,0.0,0.0,0.0,0.0,0.0
Topic_31,0.0,9.674575728780228e-06,0.0,4.452646393234679e-09,0.0,0.0,0.0,0.0,0.0,1.0122631020722714e-05,4.680343288310147e-05,0.0,0.0,0.0,5.273694825078752e-07,0.0,0.0,0.0,0.0,1.8931533989073005e-06,1.315606594152781e-07,0.0,0.0,0.0,0.0,1.7411556379786725e-08,0.0,0.0,0.0,8.092795294420435e-07,0.0,0.0,0.0,1.339407369326312e-07,0.0,0.0,0.0,1.4257792815785952e-06,0.0,0.0,7.395448842592288e-05,0.0,1.8808652900272327e-06,0.0,0.0,2.9621857872706757e-06,5.1359876130691495e-05,8.45789593482169e-06,0.0,2.2626790935219156e-08,0.0,0.0,0.0,0.0,0.0,1.8261537720430843e-06,1.3715024134517206e-08,0.0,0.0,0.0,0.0,2.6183063148245547e-05,2.0201269144943906e-05,0.0,0.0,0.0,0.0,0.0,0.0,0.0,0.0,0.0,0.0,4.2599841958452903e-07,0.0,0.0,1.7394975610763414e-06,0.0,0.0,0.0,5.732550018733539e-08,0.0,0.0,0.0,0.0,0.0,0.0,0.00023582852815247875,0.0,0.0,4.0355155085377935e-07,0.0,0.0,0.0,0.0,0.0,0.0,0.0,0.0,0.0,0.0,3.772628829567068e-08,3.0062485007693277e-08,5.7158563015266404e-05,1.188978619453578e-06,0.0,0.0,0.0,0.0,0.0,0.0,0.0,0.9238575439044282,0.0,8.373348868320581e-09,0.0,0.0,4.8939534436153395e-08,0.0,0.0,0.0,1.5589280653759108e-06,0.0,0.0,0.0,0.0,3.630813611738564e-07,0.0,0.0,0.0,0.00023339939198000983,3.0952239920256916e-06,0.0,0.0,0.0,0.0,0.0,0.0,0.0,0.0,0.0,0.0,0.0,5.468221428855789e-08,6.888586559852258e-06,0.0,0.0,0.0,4.453376946971963e-06,0.0,0.0,0.0,4.204460188781183e-05,0.06973948544712255,0.0007335946720679608,1.2827372612561622e-07,0.0,0.0,0.0,0.0,0.0,0.0,0.0,0.0,0.0024544287605689414,0.0021972043032986582,0.0,0.0,0.0,1.8940923622896193e-07,2.6630424412525864e-09,0.0,0.0,0.0,0.0,0.0,0.0,0.0,0.0,6.347562029486512e-07,6.738824563640775e-05,0.0,9.266239755511025e-05,1.5641607077874306e-11,2.0459402751931524e-07,4.945312595909467e-10,0.0,1.3430322988972994e-07,8.690457333851683e-06,0.0,0.0,0.0,0.0,0.0,0.0
Topic_32,0.0,0.0,0.0,0.0006941890397719993,0.0,0.0,0.0,0.0,0.0,0.000650790911403862,0.005842023362020737,0.0,0.21877864993311605,0.05247386121576015,0.0002479286941421609,0.0,0.0,0.0,0.0,7.811329580815816e-05,0.00014805428920607988,0.0,0.0,0.0,0.0,8.321473887581323e-05,0.0,0.0,0.0,0.0012384316342146848,0.0,0.0,0.0,0.00040842660121859404,0.0,0.0,0.0,0.0,0.0,0.0,0.0,0.0,0.0025173114608264637,0.0,0.0,0.016547395316695544,0.0,0.0018034329264477549,0.0,0.0001718839313764555,0.0,0.0,0.0,0.0,0.0,0.0005349321653217655,0.018142745861940437,0.0,0.0,0.0,0.0,0.0,0.0,0.0,0.0,0.0,0.0,0.0,6.416474512715857e-05,0.0,0.0,0.0,0.0,2.1191329980960912e-05,0.0,0.0,0.0,0.0,0.0,0.0,0.00014196721039863968,0.0,0.0,0.0,0.0,0.0,0.0,0.0002293519529656069,0.0008550035554392958,0.0022141439035306782,0.019550198964814643,0.007380260362545105,0.0,0.0,0.0,0.0,0.0,0.0,0.0,0.0,0.0,0.003235822650976241,0.024845005129521383,0.004053885468726037,0.0,1.8111702119981797e-05,0.0018570952527296315,0.0,0.0,0.027006011754328534,0.0,0.0,0.003755502286498029,0.0,0.004682743209907204,0.0,0.01960620402919148,0.0,0.0,0.0,0.0,0.0024283184524335863,0.0,0.0,0.0,0.0,0.00011477097984878138,0.0,0.0,0.0,0.010160522589411188,0.0006653294880384805,0.0,0.0,0.0683979417133081,0.0,0.0038917714779357526,0.0,0.0,0.0,0.002783368034041477,0.0,0.0,0.0001354565224939992,0.0,0.0,0.0,0.0,0.004872262260386545,0.0,0.0,0.0,0.0008841238488625395,0.001996659808619626,0.0,0.0005566852962167277,0.0,0.0,0.0,0.0,0.0,0.00220437339591229,0.0,0.05932723874953187,0.0011215425632776933,0.0006005383155645687,0.0,0.0004030896825168343,0.007763372459103588,0.00017429694192220695,0.0003268457855513362,0.0,0.0,0.0,0.0,0.0,0.0,0.0,0.0,0.0,0.0007247284952519085,0.0,0.00029450945126044636,6.554480232238811e-07,0.0,0.389224761271099,0.0,0.0,0.0007178954806475734,0.0,0.0,0.0,0.0,0.0,0.0
Topic_33,0.0,0.0,0.0,0.0,0.0,0.0,0.0,0.0,0.0,6.337116814891876e-08,0.0,0.0,0.0,0.0,0.0,0.0,0.0,0.0,0.0,0.0,9.59058335949326e-07,0.0,0.0,0.0,0.0,1.3194762027296477e-08,0.0,0.0,0.0,8.161983248849313e-07,0.0,0.0,0.0,2.8818466641345455e-08,0.0,0.0,0.0,1.0602986543959196e-09,0.0,0.0,0.0,0.0,1.36924119517431e-06,0.0,0.0,0.003359622494571399,0.0,1.646377397731388e-07,0.0,0.0,0.0,0.0,0.0,0.0,0.0,1.7525238323115908e-06,1.5520390589795891e-07,0.0,0.0,0.0,0.0,0.0,0.0,0.0,0.0,0.0,0.0,0.0,0.0,0.0,0.0,0.0,0.0,5.093257565108714e-08,0.0,4.613702506735259e-06,0.0,0.0,0.0,0.0,0.0,0.0,0.0,0.0,0.0,0.0,0.0,0.0,0.0,0.0,1.5181936968796048e-07,0.0,0.0,0.0,0.0,0.0,0.0,0.0,0.0,0.0,0.0,1.0159211185071931e-05,0.0,5.586643722658017e-07,0.0,0.0,0.0,0.0,0.0,0.0,0.0,0.0,5.427706668638964e-07,0.0,1.761487684052038e-07,0.0,0.0,2.046778382051209e-08,0.0,0.0,0.0,7.842322187782647e-07,0.0,0.0,0.0,0.0,0.0,0.0,0.0,0.0,5.579097497933251e-06,3.502902449433817e-07,0.0,0.0,0.0,0.0,0.0,0.0,0.0,0.0,0.0,0.0,0.0,6.85610380733006e-08,0.9965784699003858,0.0,0.0,0.0,2.5191735897625793e-07,0.0,0.0,0.0,6.472931843571074e-07,2.812862119277023e-05,0.0,0.0,0.0,0.0,0.0,0.0,0.0,0.0,0.0,0.0,1.735460013110898e-06,2.2190701336839054e-06,0.0,0.0,0.0,0.0,0.0,0.0,0.0,0.0,0.0,0.0,0.0,0.0,0.0,0.0,8.392756192435155e-08,0.0,0.0,0.0,0.0,0.0,0.0,0.0,4.1616437764499435e-07,0.0,0.0,0.0,0.0,0.0,0.0
Topic_34,0.0,0.0,0.0,0.0,0.0,0.0,0.0,0.0,0.0,3.948008000933031e-09,3.966724135316011e-06,0.0,0.0,0.0,1.873249526256203e-07,0.0,0.0,0.0,0.0,0.0,2.6361903116481364e-06,0.0,0.0,0.0,0.0,2.3687765596609607e-08,0.0,0.0,0.0,0.0,0.0,0.0,0.0,0.0,0.0,0.0,0.0,0.0,0.0,0.0,0.0,0.0,1.1222650159541454e-06,0.0,0.0,3.817196870604356e-05,0.0,1.947326742149352e-11,0.0,0.0,0.0,0.0,0.0,0.0,0.0,0.0,0.0,0.0,0.0,0.0,0.0,0.0,0.0,0.0,0.0,0.0,0.0,0.0,1.3623215023028926e-06,0.0,0.0,0.0,0.0,1.1182310627526051e-09,0.0,0.0,0.0,0.0,0.0,0.0,0.0,0.0,0.0,0.0,0.0,0.0,0.0,0.0,0.0,0.0,3.042527330593943e-05,0.0,0.0,0.0,0.0,0.0,0.0,0.0,0.0,0.0,0.0,1.4151739999745476e-12,1.5538051324023894e-08,4.077598979588214e-06,0.0,0.0,0.0,0.0,0.0,0.0,0.0,0.0,1.0828764716677382e-05,0.0,0.0,0.0,0.0,0.0,0.0,0.0,0.0,0.0,0.0,0.0,0.0,0.0,2.9210571391083544e-07,0.0,0.0,0.0,4.87028145289053e-06,2.3474223662370173e-08,0.0,0.0,0.0,0.0,0.0,0.0,0.0,0.0,0.0,0.0,0.0,0.0,2.5861027155822177e-06,0.0,0.0,0.0002378938089642892,7.269323197898743e-07,0.0,0.0,0.0,0.0,3.0110039197332565e-06,0.0,0.0,0.0,0.0,0.0,0.0,0.0,6.185478438763867e-05,0.0,5.042483318420331e-05,3.180984921260299e-05,0.9994934480589891,0.0,0.0,0.0,0.0,0.0,0.0,0.0,0.0,0.0,0.0,0.0,0.0,0.0,5.887372314598113e-06,0.0,0.0,0.0,3.889670479407319e-11,0.0,5.559021744193172e-07,0.0,1.3722304768428571e-05,3.705689883147063e-08,0.0,0.0,0.0,0.0,0.0,0.0
Topic_35,0.00042003809585799176,0.0,0.0,0.0023741406667592067,0.0,0.0,0.0,0.0,0.0,0.0027535041825811407,0.020946237023715026,0.0,0.0,0.0,0.0038597352808649914,0.0,0.0023080700544413258,0.0,0.0,0.001848770033008204,0.016106495487779912,0.0004785118262849011,0.0,0.0,0.0,0.0005853758057619281,0.0,0.0,0.0,0.010912188746581309,0.0,0.0,0.0,0.0106119264057984,0.0,0.0,0.0,6.424380478524512e-05,0.0,0.0,0.0,0.0,0.015633856275635634,0.0,0.0,0.015113620714540067,0.00571175444410476,0.0007001169713880262,0.0,0.024994562915602193,0.0,0.0,0.0,0.0,0.0,0.01578021901865876,0.0578506248057196,0.0,0.0,0.0,0.0,0.0,0.0012947847783658104,0.0,0.0,0.0,0.0,0.0,0.00020532124556423546,0.0,0.0,0.0,0.0,0.000290543589824244,0.0,0.0,0.0,0.0,0.0,0.0,0.00209708327863756,0.0,0.0,0.0,0.0,0.0,0.0,0.002033887829337874,0.016325871323581438,0.006073156611972658,0.0030385843617219232,0.009551989636590801,0.0,0.0,0.0,0.0,0.0,0.0,0.0,0.0,0.0,0.029684970846807296,0.010223966811282518,0.009105865439170965,0.0008502465079295433,0.0036190338116397123,0.021390468517655123,0.0,0.0,0.0,0.0,0.0,0.07308847974412842,0.0,0.006719776155289116,0.0,0.0064616488818442334,0.0,0.0,0.0,0.0,0.0048870688086233,0.0,0.0,0.0,0.0,0.0015755244453911927,0.0,0.0,0.0,0.017764422860687787,0.0022520864517969483,0.0,0.0,0.0,0.0,0.0,0.0,0.0,0.00032816164018485965,0.006993062851037682,0.0,0.0,0.001825122810079355,0.005545099754340805,0.0,0.0,0.0,0.008980941131397087,0.0,0.0,0.0,0.0067869275166180095,0.17176768153140548,0.027759918318730124,0.0007716283636700006,0.0,0.0,0.0,0.0,0.0021148523522294634,0.0,0.0,0.00330054403857586,0.014431124432053763,0.025604289210926456,0.0,0.007238223530497324,0.004732352656905506,0.0004152774540920525,0.012909742661487587,0.0,0.0,0.0,0.0,0.0,0.0,0.0,0.0,0.0,0.0033110797718934925,0.0,0.0042992609404095125,0.001027632816816089,0.0,0.15727401548763112,0.0,0.09393504428691124,0.0006406432625862729,0.0,0.0,0.0,0.0,0.0,0.0
Topic_36,0.0,0.0,0.0,0.0,0.0,0.0006522839872464813,0.0,0.0,0.0,5.585203659167709e-06,0.0,0.0,0.0056088895451936426,0.0,5.184010074594032e-07,0.0,0.0,0.0,0.0,0.0,4.0191718848780337e-07,0.0,0.0,0.0,0.0,0.0,0.009750447358328999,0.0,0.0,0.0,0.0,0.0,0.0,0.0,0.0,0.0,0.0,0.0,0.0,0.0,0.0,0.0,0.0,0.0,0.0,0.003523782233083488,0.0,1.5836028191664764e-06,0.0,0.0,0.0,0.0,0.0,0.0,0.0,0.0,0.023289641700717737,0.2825627092293998,0.0,0.0,0.0,0.0,0.0,0.0,0.0,0.0,0.0,0.0,7.101998056994885e-05,0.0,0.0,0.0,0.0,6.976416798899383e-06,0.0,0.0,0.0,0.0,0.0,0.0,0.0,0.0,0.0,0.0,0.0,0.0,0.0,0.0,0.0,0.0,0.005806761304813148,0.0,0.0,0.0,0.0,0.0,0.0,0.0,0.0,0.0,0.0,5.192941223316037e-05,0.006329158161291149,5.046679685642304e-05,0.0,0.0,0.0,0.0,0.0,0.014096077923894536,0.0,0.0,0.00027816297946013657,0.0,0.0,0.0,0.0,0.0,0.0,0.0,0.0,0.0,0.0,0.0,0.0,0.0,2.499121248509177e-06,0.0,0.0,0.0,0.0007371725386556788,2.604728901574117e-05,0.0,0.0,0.0,0.0,0.0,0.0,0.0,0.0,0.0,0.0,0.0,7.120398924223688e-06,0.0,0.0,0.0,0.0,0.005226427783466673,0.0,0.0,0.0,4.27648582455628e-06,8.112005317738503e-07,1.279787127859465e-05,0.0,0.0,0.0,0.0,0.0,0.0,0.036581847056068865,0.0,0.5724750456330985,0.003859675528793752,0.005702398888799874,0.0,0.0,0.0,0.0,0.0,0.0,0.0,0.0,0.0,0.0,0.0,0.0,0.0,0.0,0.0,0.0,0.0,1.4321071102174917e-07,0.0,0.023184023846521958,0.0,0.0,1.7414626018486679e-06,0.0,0.0,0.0,0.0,0.0,0.0
Topic_37,0.0,0.0,0.0,0.0,0.0,0.0,0.0,0.0,0.0,0.002609414400393982,0.005001867548924422,0.0,0.0,0.0,0.0,0.0,0.0,0.0,0.0,0.0,5.744376684945029e-05,0.0,0.0,0.0,0.0,6.44369755105353e-07,0.0,0.0,0.0,0.0,0.0,0.0,0.0,0.0,0.0,0.0,0.0,0.0,0.0,0.0,0.0,0.0,8.983633296060846e-06,0.0,0.0,0.0,0.0,0.0,0.0,0.0,0.0,0.0,0.0,0.0,0.0,0.0016190961187146184,0.0,0.0,0.0,0.0,0.0,0.0,0.0,0.0,0.0,0.0,0.0,0.0,0.0,0.0,0.0,0.0,0.0,0.0,0.0,0.0,0.0,0.0,0.0,0.0,0.0,0.0,0.0,0.0,0.0,0.0,0.0,0.0,0.0,0.0,1.2491740339636136e-05,0.0,0.0,0.0,0.0,0.0,0.0,0.0,0.0,0.0,0.0,0.5552967136386584,0.0,0.0,0.0,0.0,0.0,0.0,0.0,0.00043996068854689266,0.0,0.0,0.00014300090876492416,0.0,0.041857100785271814,0.0,0.0,0.02346233472077912,0.0,0.0,0.0,0.34280355264469115,0.0,0.0,0.0,0.0,0.0,0.0,0.0,0.0,6.037144243807221e-06,0.0,0.0,0.0,1.9657713832021293e-05,0.0,0.0228738120711139,0.0,0.0,0.0,0.0,0.0,0.0,0.00024586916930975297,0.0,0.0,0.0,0.00011343004819373194,0.0010572084567123177,0.0,0.0,0.0,0.0,4.5300389946548315e-06,0.0,0.0,0.0,0.0,0.0,0.0,0.0,3.539983859281223e-06,0.0,6.478568901807756e-06,9.169509933846012e-06,0.0,0.0,0.0,0.0017405245201374247,0.0,0.0,0.0,0.0,0.0,0.0,0.0,0.0,0.0,0.0,0.0,0.0,0.0,0.0,0.0001956415602425325,0.0,0.000145597220372169,0.0,0.0,0.0,0.0,0.0,0.0,0.0,0.0,0.0
Topic_38,0.0,0.0,0.0,0.0021596358966866685,0.0,0.0,0.0,0.0,0.0,0.00021459818029901073,0.005251281990164509,0.0,0.0607103859803393,0.0,0.0,0.0,0.0,0.0,0.0,0.0,0.003202895708177704,0.0,0.0074849759967187506,0.0,0.0,0.0005695507864261664,0.0,0.0,0.0,0.0,0.0,0.0,0.0,0.002241322038321823,0.0,0.0,0.0,0.0,0.0,0.0,0.0,0.0,0.007189248648017982,0.0,0.0,0.0,0.0,0.0036538954253899406,0.0,0.0,0.0,0.0,0.0,0.0,0.0,0.009064534841701919,0.013413040622834133,0.0034915859173525877,0.0,0.0,0.0,0.0,0.0,0.0,0.0,0.0,0.0,0.0,0.0,0.0,0.0,0.0,0.0,0.0,0.0,0.0,0.0,0.0,0.0,0.0,8.349369519014286e-05,0.0,0.0,0.0,0.0,0.0,0.0,0.0,0.0,0.0037395773807650237,0.0032541951627712827,0.004056906378522194,0.0,0.0,0.0,0.0,0.0,0.0,0.0,0.0,0.0,0.012524396161561778,0.036489589004851504,0.003138349181196359,0.0,0.0004716308318487502,0.004156696479985494,0.0,0.0,0.00644635526755073,0.0,0.0,0.01322900227067026,0.0,0.000474560755863805,0.0,0.012967285976318396,0.0,0.0,0.0,0.0,0.002967905154592507,0.0,0.0,0.0,0.0,0.0005702846727007466,0.0,0.0,0.0,0.016466065854027687,0.0008078221442986187,0.0,0.0,0.057290825824436856,0.0,0.0,0.0,0.0,0.0,0.0,0.0,0.0,0.0003153942985443269,0.0,0.0,0.0,0.0,0.00484943870757914,0.0,0.0,0.0,0.0,0.0700709579560078,0.0079372192649194,0.0,0.0,0.0,0.0,0.0,0.0020928915628517686,0.0,0.0,0.0,0.028850817610006917,0.005524794445681836,0.0,0.0028218551379775164,0.0034459171570553064,0.0,0.002423815771957054,0.0,0.0,0.0,0.0,0.0,0.0,0.0,0.0,0.0,0.0,0.0,0.0,0.00018385258918990097,0.0,0.5320357563299796,0.0,0.039416642920287286,0.0017886940589220111,0.0,0.0,0.0,0.0,0.0,0.0
Topic_39,0.0,0.0,0.0,0.00012049530190405332,0.0,0.0,0.0,0.0,0.0,0.002855054451594904,0.03805677251434554,0.0,0.0,0.0,0.0,0.0,0.0,0.0,0.0,0.0,0.0014751119865097876,0.0,0.0,0.0,0.0,0.0001320844099274889,0.0,0.0,0.0,0.0,0.0,0.0,0.0,8.289723162192259e-07,0.0,0.0,0.0,0.0,0.0,0.0,0.0,0.0,0.15042274351018725,0.0,0.0,0.05150755545386125,0.006736995900903729,0.0010109336597035608,0.0,0.0,0.0,0.0,0.0,0.0,0.0,0.00021810998322729604,3.0732511866999365e-05,0.0,0.0,0.0,0.0,0.0,0.0,0.0,0.0,0.0,0.0,0.0,0.0,0.0,0.0,0.0,0.0,0.00027130273624010844,0.0,0.0,0.0,0.0,0.0,0.0,1.0373720098784674e-06,0.0,0.0,0.0,0.0,0.0,0.0,0.0,0.0,0.0,0.37372393923759795,0.0009287437536589162,0.0,0.0,0.0,0.0,0.0,0.0,0.0,0.0,0.0,0.0,0.0005377165068429626,0.005724576931843897,0.0,0.0017220961031634533,0.0006798575107451286,0.0,0.0,0.013142574066450644,0.0,0.0,0.10662371404076296,0.0,4.409067422940033e-06,0.0,8.146210320885908e-05,0.0,0.0,0.0,0.0,0.006393479724306287,0.0,0.0,0.0,0.0,0.00014983658643453996,0.0,0.0,0.0,0.033434410566254395,0.0019543849688806614,0.0,0.0,0.0,0.0,0.0,0.0,0.0,0.0,0.0,0.0,0.0,0.0007572091612356723,0.0,0.0,0.0,0.0,0.0035073974246948754,0.0,0.0,0.0,0.0,0.0034414007987253322,0.0,0.0,0.0,0.0,0.0,0.0,0.0030031712701848834,0.012169087219238421,0.0,0.025895797026257078,0.010568127226838926,0.06040042286451977,0.0,0.003922788816392028,0.004761714949557957,0.0021427887751052596,0.00015962481928488443,0.0,0.0,0.0,0.0,0.0,0.0,0.0,0.0,0.0,0.0,0.0,0.0,1.410510514672899e-07,0.0,0.04945570150120191,0.0,0.021649329002397053,0.00016163892275938878,0.0,0.0,0.0,0.0,0.0,0.0
Topic_40,0.0,0.0,0.0,0.0,0.0,0.0,0.0,0.0,0.0,0.001191708390232429,0.00545212307375949,0.0,0.0,0.0,0.010239263955956203,0.0,0.0,0.0,0.0,0.0,0.0014579459480609704,0.00602389909516853,0.0,0.0,0.0,8.041741481706702e-05,0.0,0.0,0.0,0.006667195303218095,0.0,0.0,0.0,0.0,0.0,0.0,0.0,0.0,0.0,0.0,0.0,0.0,0.010316995304104475,0.0,0.0,0.0030581384196241347,0.03963202690277357,0.023715466972687328,0.0,0.0,0.0,0.0,0.0,0.0,0.0,0.00033452036479139283,9.174019974183502e-05,0.0,0.0,0.0,0.0,0.0,0.0,0.0,0.0,0.0,0.0,0.0,0.0,0.0,0.0,0.0,0.0,0.0002048281187759249,0.0,0.0,0.0,0.0,0.0,0.0,0.05101577839929375,0.0,0.0,0.0,0.0,0.0,0.0,0.0,0.0,0.0,0.0012236734454384704,0.0,0.0,0.0,0.0,0.0,0.0,0.0,0.0,0.0,0.0,0.0005292241726309575,0.00015484917812273133,0.003044130999746146,0.0,0.013899717938138054,0.039945952077491895,0.0,0.0,0.00059302857413012,0.0,0.0,0.002931453092954646,0.0,8.392241320007985e-06,0.0,0.0,0.0014949630816596764,0.0,0.0,0.0,0.1856821482671192,0.0,0.0,0.0,0.0,0.000998721639615463,0.0,0.0,0.0,0.42986429866640014,0.002938071301049929,0.0,0.0,0.00041280765136812817,0.0,0.0,0.0,0.0,0.0,0.0,0.0,0.0,0.0,0.005036507298315788,0.0,0.0,0.0,0.002665879533148196,0.0,0.0,0.0,0.0,0.00971700726964555,0.0,0.0,0.0,0.0,0.00951335933323113,0.0,0.030611853655122166,0.0,0.0,0.0003544668917413256,0.05306229419224918,0.015840759148895454,0.0,0.0,0.0,0.005120058074962454,0.0,0.0,0.0,0.0,0.0,0.0,0.0,0.0,0.0,0.0,0.009306952618549812,0.0,0.0,1.3141325909206321e-08,0.0,0.0006354339763125539,0.0,0.0052142058783791355,0.008923981491429525,0.0,0.0,0.0,0.0,0.0,0.0
Topic_41,1.0837201881828815e-05,0.0,0.0,1.5267833398867463e-05,0.0,0.0,0.0,0.0,0.0,3.534630141957465e-07,0.01898805850788849,0.0,0.0012200633126479969,0.0,0.0,0.0,0.0,0.0,0.0,0.0,9.08239148527465e-06,0.0,0.0,0.0,0.0,3.594533543932936e-07,0.015642542433223834,0.0,0.0,2.2734104017141462e-06,0.0,0.0,0.0,0.0,0.0,0.0,0.0,0.0,0.0,0.0,0.0,0.0,0.03740480980055595,0.0,0.0,0.00011046162341929223,0.0011339196663537896,0.0004574587992964715,0.0,0.0,0.0,0.0,0.0,0.0,0.0,0.001444551590936854,0.0,0.0,0.0,0.0,0.0,0.0,0.0,0.0,0.0,0.0,0.0,0.0,0.0,0.0,0.0,0.0,0.0,2.461153300307697e-08,0.0,0.000988541859969896,0.0,0.0,0.0,0.0,0.0,0.0,0.0,0.0,0.0,0.0,0.0,0.0,0.0,0.0,0.025076534512606507,0.0,0.0,0.0,0.0,0.02637240473669703,0.0,0.0,0.0,0.0,0.0,6.748021562286509e-05,0.00035692541976267656,0.0008890922383850869,0.0,0.0,0.0,0.0,0.0,0.2865271018210878,0.0,0.0,8.312977700464769e-05,0.0,0.0002682519968934568,0.0,0.0,0.0,0.0,0.0,0.0,0.0,0.0,0.0,0.0,0.0,2.8713867930835614e-07,0.0,0.0,0.0,0.4851056193348953,1.1395170688839107e-05,0.0,0.0,0.015490622758757589,0.0,0.0,0.0,0.0,0.0,0.0,0.0,0.0,0.0,6.98391280580364e-07,0.0,0.0,0.039339825807955725,0.0019198469859160075,0.0,0.0,0.0,0.0,3.4507126161211313e-05,0.0,7.975786037621499e-05,0.0,0.0,0.0,0.0,0.0,0.002610377656255847,0.0,0.0010098036286205318,0.0005094035311132635,0.006950488700615519,0.0,0.0,0.0,0.0,0.0,0.0,0.0,0.0,0.0,0.0,0.0,0.0,0.0,0.0,0.0,0.0,0.0,3.572151435901962e-09,0.0,0.018292802119755702,0.0,0.011255121105922831,6.339560405755534e-05,0.0,0.0,0.0,0.0,0.0,0.0
Topic_42,0.0,0.0,0.0,0.0017715664192052907,0.0,0.0,0.0,0.0,0.0,0.0002004925232003225,0.003154200626101973,0.0,0.029241933290917545,0.010878030254999095,0.0003036041195383344,0.0,0.0,0.0,0.0,0.00013488389408108174,0.0002443570739301734,0.00023092404198344846,0.0022628507974639714,0.0,0.0,0.0001040534316745164,0.0,0.0,0.0,0.0037199819966859883,0.0,0.0,0.0,0.0005622117906519892,0.0,0.0,0.0,0.0,0.0,0.0,0.0,0.0,0.008072837381537953,0.0,0.0,0.0009400562375980662,0.0002908110510958794,0.003870303937900824,0.0,0.0016886281500430394,0.0,0.0,0.0,0.0,0.0,0.0008368382861141681,0.003307364121942216,0.0037532052742775494,0.0,0.0,0.0,0.0,0.0,0.0,0.0,0.0,0.0,0.0,0.0,0.0,0.0,0.0,0.0,2.328369068456279e-05,0.0,0.0,0.0,0.0,0.0,0.0,8.765465055047534e-05,0.0,0.0,0.0,0.0,0.0,0.0,0.0002085088607250349,0.0005965126475504472,0.01726559892971244,0.0004296914829691075,0.005959949404400676,0.0,0.0,0.0,0.0,0.0,0.0,0.0,0.0,0.0,0.007073996927004095,0.021917779967890794,0.001966580572239777,0.0,9.700996907118391e-06,0.000643949737457659,0.0,0.0,0.04126480193104719,0.0,0.0,0.10222487606378892,0.0,0.002603736789908823,0.0,0.0011308723576266785,0.0,0.0,0.0,0.0,0.001641888624215139,0.0,0.0,0.0,0.0,0.00014828389565358524,0.0,0.0,0.0,0.017462279683697193,0.0002276755507798644,0.0,0.0,0.1196495291744717,0.0,0.0023935708195487087,0.0,0.0,0.0,0.0014612799039643589,0.0,0.0,9.369776635147633e-05,0.0,0.0,0.0,0.0,0.001581948739939767,0.0,0.0,0.0,0.0018742544889771508,0.0010961482423014056,0.0,0.004929314184460536,0.0,0.0,0.0,0.0,0.0,0.0019185519211421189,0.0,0.0009977271852472103,0.0040706793657943625,0.0017916675154226486,0.0,0.0008097053548716507,0.0024997934427660974,0.00012672456754336272,0.0004946133166780853,0.0,0.0,0.0,0.0,0.0,0.0,0.0,0.0,0.0,0.0002770922634441959,0.0,0.00015446574759989075,7.250303740840906e-05,0.0,0.44043209761150975,0.0,0.11460552989018002,7.422154322339268e-05,0.0,0.0,0.0,0.0,0.0,0.0
Topic_43,0.0,0.0,0.0,0.001723254386489599,0.0,0.0,0.0,0.0,0.0,0.0004223769521237927,0.008438081514593243,0.0,0.04659651131298009,0.09590769463901794,0.0,0.0,0.0,0.0,0.0,0.00016387519189499074,0.011537093440069549,0.0,0.0,0.0,0.0,0.00018006282900050936,0.0,0.0,0.0,0.03524864371469534,0.0,0.0,0.0,0.003391086806425167,0.0,0.0,0.0,0.0,0.0,0.0,0.0,0.0,0.010049303782087758,0.0,0.0,0.005923843354591202,0.0,0.002117440043795631,0.0,0.0007087281394659609,0.0,0.0,0.0,0.0,0.0,0.0030690510962724815,0.040959761517633475,0.0,0.0,0.0,0.0,0.0,0.0,0.0,0.0,0.0,0.0,0.0,0.005526847232751899,0.0,0.0,0.0,0.0,0.00034279719049059914,0.0,0.0,0.0,0.0,0.0,0.0,0.0,0.0,0.0,0.0,0.0,0.0,0.0,0.0006219628706674474,0.0011532646710627574,0.0031818528569335434,0.01100118684860819,0.0,0.0,0.0,0.0,0.0,0.0,0.0,0.0,0.0,0.0,0.00308076895755257,0.02784657797373337,0.009765784476391263,0.0,0.0,0.004173393687533887,0.0,0.0,0.023174815318367716,0.0,0.0,0.013346939161457226,0.0,0.01124644957932502,0.0,0.0,0.0,0.0,0.0,0.0,0.007225936763412704,0.0,0.0,0.0,0.0,0.0003108130298688913,0.0,0.0,0.0,0.016418085810009263,0.00022284040721198917,0.0,0.0,0.40900968158332784,0.0,0.012136350335114586,0.0,0.0,0.0,0.0012038092295348559,0.0,0.0,0.0004898565552761481,0.0,0.0,0.0,0.0,0.009856115092539962,0.0,0.0,0.0,0.004393994005637225,0.003960201269079184,0.0,0.002891242452538719,0.0,0.0,0.0,0.0,0.0,0.033207934932548235,0.0,0.001969521533970362,0.04215719798106199,0.0034620112247241877,0.0,0.0,0.0022825090385736268,0.0,0.0027178529884348862,0.0,0.0,0.0,0.0,0.0,0.0,0.0,0.0,0.0,0.0013889881958265879,0.0,0.000794259554939821,0.0010023283522691672,0.0,0.059601697988231526,0.0,0.0,0.0016941737324263125,0.0,0.0,0.0,0.0,0.0,0.0
Topic_44,0.0,3.3839218292097294e-06,0.0,2.8496558796513737e-08,0.0,0.0,0.0,0.0,0.0,1.00370433518696e-06,2.96912867731449e-06,0.0,0.0,0.0,1.316798310958257e-05,0.0,0.0,0.0,0.0,0.0,4.3842835808431305e-06,0.0,0.0,0.0,0.0,3.8045844164198995e-07,0.0,0.0,0.0,0.0,0.0,0.0,0.0,0.0,0.0,0.0,0.0,0.0,0.0,0.0,0.0,0.0,3.521613151548219e-05,0.0,0.0,7.360867627269942e-06,0.0,0.9990855277196266,0.0,0.0,0.0,0.0,0.0,0.0,0.0,3.0213311607185835e-05,6.892131142282884e-06,3.621793905043444e-07,0.0,0.0,0.0,0.0,0.0,0.0,0.0,0.0,0.0,0.0,0.0,0.0,0.0,0.0,0.0,3.398578366358919e-06,0.0,0.0,0.0,0.0,0.0,0.0,1.0126322001258755e-05,0.0,0.0,0.0,0.0,0.0,0.0,0.0,0.0,0.0,6.135400444931784e-06,0.0,0.0,0.0,0.0,0.0,0.0,0.0,0.0,0.0,0.0,3.8063026164827974e-06,7.947053384662606e-07,8.849204870395728e-06,0.0,0.0,0.0,0.0,0.0,0.0,0.0,0.0,2.8977934090084446e-05,0.0,0.0,0.0,0.0,0.0,0.0,0.0,0.0,1.1749282563329928e-05,0.0,0.0,0.0,0.0,0.0,0.0,0.0,0.0,2.1308773423103716e-05,1.7822639015793255e-06,0.0,0.0,0.0,0.0,0.0,0.0,0.0,0.0,0.0,0.0,0.0,0.0,2.7187252012616124e-05,0.0,0.0,0.0,5.203143134720657e-06,0.0,0.0,0.0,6.906949374212562e-05,7.469288036140049e-05,0.00011425794911954165,0.0,0.0,0.0,0.0,0.0,0.0,0.0,0.0,0.0,0.0002447377465465197,2.5559092869624623e-05,0.0,0.0,0.0,0.0,0.0,0.0,0.0,0.0,0.0,0.0,0.0,0.0,0.0,0.00010354557507096411,1.68421167454303e-05,0.0,0.0,0.0,0.0,8.665652495663367e-07,0.0,0.0,3.0154477516522176e-05,0.0,0.0,0.0,0.0,0.0,0.0
Topic_45,0.0,0.0,0.0,0.0,0.15692436483438732,0.0,0.0,0.0,0.0,0.00018182856076851277,0.011787378799024674,0.0,0.1767981804823469,0.11782302281467437,0.0,0.0,0.0,0.0,0.0,0.0,0.0,0.0,0.006097749754782558,0.0,0.0,3.4325233855280376e-05,0.0,0.0,0.0,0.0,0.0,0.0,0.0,0.0,0.0,0.0,0.0,0.0,0.0,0.0,0.0,0.0,0.0004943292912174658,0.0,0.0,0.0,0.0,0.009316713477568923,0.0,0.0,0.0,0.0,0.0,0.0,0.0,0.0,0.0,0.0,0.0,0.0,0.0,6.704182457554108e-05,0.0,0.0,0.0,0.0,0.0,0.0,0.0,0.0,0.0,0.0,0.0,0.0,0.0,0.0,0.0,0.0,0.0,0.0,0.0,0.0,0.0,0.0,0.0,0.0,0.0,0.0,0.0,0.0,0.004942025157814006,0.0,0.0,0.0,0.0,0.0,0.0,0.0,0.0,0.0,0.0,0.09688895821494102,0.04694874846448118,0.0002727877217465731,0.0,0.0,0.016489524420789128,0.0,0.0,0.031489367148626095,0.0,0.0,0.0027681088630475328,0.0,0.0,0.0,0.0,0.0,0.0,0.0,0.0,0.0,0.0,0.0,0.0,0.0,0.0,0.0,0.0,0.0,0.0024868549424961386,0.0002021837655732201,0.0,0.0,0.018186021201445673,0.0,0.12257239902364718,0.0,0.0,0.0,0.0,0.0,0.0,7.348922856856451e-05,0.0006269901673182129,0.0,0.0,0.0,0.004606573614764077,0.0,0.0,0.0,0.0,0.0,0.0,0.0,0.0,0.0,0.0,0.0,0.0,0.152421050688776,0.0,0.007289460616868997,0.0006743799006750285,0.0006430003477072356,0.0,0.0,0.0011229901714081651,0.0,0.0,0.0,0.0,0.0,0.0,0.0,0.0,0.0,0.0,0.0,0.0,0.0,2.3861960597728664e-05,0.008275559637861675,0.0,0.0006361714288468865,0.0,0.0007520618155512584,0.0,0.0,0.0,0.0,0.0,0.0,0.0
Topic_46,0.0,0.0,0.0,0.0006481086843498533,0.0,0.0,0.0,0.0,0.0,5.375045609961906e-05,0.00022377880039927135,0.0,0.0,0.000589984251883271,0.0,0.0,0.0,0.0,0.0,0.0,0.0,0.00040637340452000427,0.0,0.0,0.0,0.0,0.0,0.0,0.0,0.0,0.0,0.0,0.0,0.008143022498560283,0.0,0.0,0.0,0.0,0.0,0.0,0.0,0.0,0.0,0.02306415232345241,0.0,0.0,0.0,0.0013505059741979746,0.006941077040996947,0.0,0.0,0.0,0.0,0.0,0.0,0.0009118052270536079,0.001097107865737577,0.0,0.0013693148295401954,0.0,0.0,0.0,0.0,0.0,0.0,0.0,0.0,0.0,0.0,0.0,0.0,0.0,0.0,0.00017314988356956416,0.0,0.0,0.0,0.0,0.0,0.011377167762406397,0.0001942561010076622,0.005228996150442467,0.0009732907603669674,0.0,0.0,0.0,0.0,0.0,0.0,0.0,0.0005062425548764957,0.0014318201833058717,0.0,0.0,0.0,0.0012929986182639824,0.0,0.000746762498303695,0.0,0.0,0.0,0.0010124904434133074,0.0,0.0,0.0,0.0,0.0,0.000288025611821996,0.0,0.0,0.0,0.0041000126272780065,0.87355644499659,0.0,0.0008291344185149678,0.0,0.0,0.0,0.0,0.0,0.0,0.0002393837449648784,0.0,0.0,0.0,0.0,0.0,0.0,0.0,0.0,0.0,0.00018996618636799142,0.00016850368846593194,0.0,0.0,0.0,0.0,0.0,0.0,0.0,0.0,0.0,0.0024822481321869626,0.0,0.0,0.0,0.0,0.0,0.0004069692169226474,0.0003663576610169854,0.0,0.0,0.0,0.00045084710717617195,0.0,0.0034184792871906652,0.0016299646445955443,0.004532319361471513,0.00017252188469317074,0.0,0.0,0.0,0.0,0.0,0.0,0.0,0.0,0.0,0.0,0.0005359502389849099,0.0,0.006272771884031412,0.0,0.0002599712373182209,0.0,0.0,0.0,0.0,0.0,0.0,0.0,0.0,0.0,7.206975674238718e-06,0.0,3.8019268504908076e-05,0.0,0.0,7.334104837919282e-05,0.0,0.0,0.0,0.0,0.0,0.0
Topic_47,0.0,0.05434904033362765,0.0,0.0,0.0,0.0011790170544930365,0.0,0.0,0.0,0.002329572083603194,0.03683315427967413,0.0,0.0,0.0,0.0008267983939957426,0.0,0.0,0.0,0.0,0.0,0.0013270819398080694,0.0,0.0,0.0,0.0,0.0,0.0,0.0,0.0,0.0,0.0,0.0,0.0,0.0,0.0,0.0,0.0,0.0,0.0,0.0,0.0,0.0,0.0,0.0,0.0,0.020351689190957336,0.0,0.0009091439943633917,0.0,0.0,0.0,0.0,0.0,0.0,0.0,0.0,0.007551888624875731,0.12166447715038026,0.0,0.0,0.0,0.0,0.0011316534526494017,0.0,0.0,0.0,0.0,0.0,0.00509223640230755,0.0,0.0,0.0,0.0,0.0,0.0,0.0,0.0,0.0,0.0,0.0,0.0,0.0,0.0,0.0,0.0,0.0,0.0,0.0,0.0,0.0,0.0014309948808920172,0.0,0.0,0.0,0.0,0.0,0.0,0.0,0.0,0.0,0.0,0.0035666545586913517,0.016722886708842494,0.0,0.0,0.0,0.0,0.0,0.0,0.0,0.0,0.0,0.06576952880076468,0.0,0.0,0.0,0.0,0.0,0.0,0.0,0.0,0.0,0.0,0.0,0.0,0.0,0.0003249393446942174,0.0,0.0,0.0,0.003748160352322285,0.0006039147866378517,0.0,0.0,0.07974707741567988,0.0,0.0,0.0,0.0,0.0,0.0,0.0,0.0,0.0,0.0015124079612421262,0.0,0.0,0.09023709392286285,0.05366763684512531,0.0,0.0,0.0,0.001512107484405476,0.0023860947993825086,0.0,0.0,0.0,0.0,0.0,0.0,0.009254480955267756,0.0,0.0,0.05992815287108326,0.006471851328820805,0.02959931856611558,0.0,0.0,0.0,0.0,0.0,0.0,0.0,0.0,0.0,0.0,0.0,0.0,0.0,0.03864834453168031,0.001990904891154745,0.0,0.0,1.1332074736608228e-05,0.0,0.26652529527112173,0.0,0.0,0.01265628896977098,0.0,0.0,0.0,0.0,0.0,0.0
Topic_48,0.0,0.0,0.0,0.0030005302115846838,0.0,0.0,0.0,0.0,0.0,0.0009194258629804999,0.053249088731626947,0.0,0.023122254416845536,0.018749695820361442,0.0,0.0,0.0,0.0,0.0,0.0,0.006355423979250762,0.0,0.0,0.0,0.0,0.0008085269187403235,0.0,0.0,0.0,0.0,0.0,0.0,0.0,0.0,0.0,0.0,0.0,0.0,0.0,0.0,0.0,0.0,0.052883030982105145,0.0,0.0,0.0,0.0,0.0061027880364751316,0.0,0.0,0.0,0.0,0.0,0.0,0.0,0.03316021503764082,0.016046275302400416,0.0,0.0,0.0,0.0,0.0,0.0,0.0,0.0,0.0,0.0,0.0,0.0,0.0,0.0,0.0,0.0,0.00012991770345821335,0.0,0.0,0.0,0.0,0.0,0.0,0.0,0.0,0.0,0.0,0.0,0.0,0.0,0.009641646219207552,0.0,0.0,0.010246346738431906,0.0,0.0,0.0,0.0,0.0,0.0,0.0,0.0,0.0,0.0,0.019707858798595736,0.004347412188734358,0.05495998923336678,0.0,0.0,0.06051308602202602,0.0,0.0,0.004283647825669313,0.0,0.0,0.11921813213035194,0.0,0.019783030241369362,0.0,0.0,0.0,0.0,0.0,0.0,0.0,0.0,0.0,0.0,0.0,0.0,0.0,0.0,0.0,0.08377377025876306,0.0,0.0,0.0,0.026579213001451087,0.0,0.00849560410541367,0.0,0.0,0.0,0.0,0.0,0.0,0.0017835729581107747,0.0,0.0,0.0,0.0,0.0013230188372773978,0.0,0.0,0.0,0.0058014950837517645,0.04135101113420183,0.0,0.0,0.0,0.0,0.0,0.0,0.0,0.03751071290357016,0.0,0.12958207261718072,0.06929379012900935,0.01057763134535775,0.0,0.0,0.001525836299297932,0.0,0.003899873918484763,0.0,0.0,0.0,0.0,0.0,0.0,0.0,0.0,0.0,0.0,0.0,0.004079753536097681,0.0010517098820985317,0.0,0.055768462456927674,0.0,0.0,0.00032480704806910337,0.0,0.0,0.0,0.0,0.0,0.0
Topic_49,0.0,0.0014701735265833685,0.0,0.0,0.24044020191007442,0.0,0.0,0.0,0.0,0.00027982580200558134,0.0011014161662722846,0.0,0.23353548338211136,0.02755300763169817,0.0,0.0,0.0,0.0,0.0,0.0,6.108234596757193e-05,0.0,0.0,0.0,0.0,3.2931265523082578e-06,0.0,0.0,0.0,0.0,0.0,0.0,0.0,0.0,0.0,0.0,0.0,0.0,0.0,0.0,0.0,0.0,0.0059710562989404355,0.0,0.0,0.0025386446502353457,0.0,0.37514981770868855,0.0,0.0,0.0,0.0,0.0,0.0,0.0,0.0002745299791871795,0.0,0.0,0.0,0.0,0.0,0.0072197961190419765,0.0,0.0,0.0,0.0,0.0,0.0,0.0,0.0,0.0,0.0,0.0,0.0,0.0,0.0,0.0,0.0,0.0,0.0,0.0,0.0,0.0,0.0,0.0,0.0,0.0,0.0,0.0,0.0,0.01141561445430234,0.0,0.0,0.0,0.0,0.0,0.0,0.0,0.0,0.0,0.0,0.0001704732620425379,0.0036852442122794885,0.00359738781152176,0.0,0.0,0.00019935123976309578,0.0,0.0,0.0005119100346740782,0.0,0.0,0.0015311374992142846,0.0,0.0,0.0,0.0,0.0,0.0,0.0,0.0,0.0,0.0,0.0,0.0,0.0,0.0,0.0,0.0,0.0,0.0045734393288651976,0.0,0.0,0.0,0.0007210073232696393,0.0,0.0,0.0,0.0,0.0,0.0,0.0,0.0,4.9842755601266555e-05,0.001293224558893201,0.0,0.0,0.0,0.0007361299090350153,0.0,0.0,0.0,0.0008282025772410785,0.0006069923003480108,0.0,0.0,0.0,0.0,0.0,0.0,0.0,0.023626865126170092,0.0,0.02751700436998712,0.020632931008857318,0.0011709209735845255,0.0,0.0,0.0,0.0,0.0,0.0,0.0,0.0,0.0,0.0,0.0,0.0,0.0,0.0,0.0,0.0,0.00011287809552118302,8.386393985303078e-08,0.0,0.001240706406713552,0.0,0.0,0.0,0.0,0.0,0.0,0.0,0.0,0.0
